"benchmark","L1 miss ratio","L2 miss ratio","TLB miss ratio"
"_1",0.0175200712694225,0.890950186631012,0.0155267739621123
"_1",0.00652013034454126,0.801936182036208,0.00522236355352394
"_1",0.00606687879201457,0.704495506069366,0.00414541668534892
"_1",0.00416875488337537,0.573801931435186,0.0022642815564861
"_1",0.00268794801902523,0.501001796324444,0.00127722571236948
"_1",0.00167431472538979,0.422536704298511,0.000687318648515836
"_1",0.000997283804524498,0.320521006257183,0.000284811653157885
"_1",0.000738202278058555,0.250755613126079,0.000139477594620507
"_1",0.000602525149653306,0.194419208306295,0.0000738973861290857
"_1",0.000505320567470331,0.146581064356436,0.0000289012656998223
"_4",0.0248185101933791,0.881269871399421,0.0149593634013841
"_4",0.00936132783495733,0.803530858126383,0.00517810637494993
"_4",0.00869801381763644,0.673679826076356,0.00409765392586539
"_4",0.00587961970205905,0.520891910417279,0.00227507909155835
"_4",0.00373947217345914,0.446989849675044,0.00127100608573266
"_4",0.00228251857847913,0.384943624755871,0.000663920891540398
"_4",0.00121934527298175,0.305810128069557,0.000275350086064453
"_4",0.00086108544609669,0.25339064390936,0.000145612638421592
"_4",0.000655174378188468,0.207979720048496,0.0000740965246255214
"_4",0.000524591276933225,0.159991386735573,0.0000283216133333024
"_16",0.0399672346075307,0.710225992863383,0.0125853935562874
"_16",0.016576918379479,0.675757588068724,0.00491687608933338
"_16",0.0153742123490129,0.603899741935205,0.00390002294819867
"_16",0.0104602998376589,0.513604259620523,0.00214408200390761
"_16",0.00655482515438764,0.468338311342095,0.0012099395490828
"_16",0.0038247903526904,0.433017928286853,0.000630085073458567
"_16",0.00185907043766125,0.378490497076023,0.000260170421570099
"_16",0.0011597240098268,0.318977159297751,0.000129656900174766
"_16",0.000787190634646908,0.263039867109635,0.0000669621731227701
"_16",0.000570469823370686,0.199271722752386,0.0000318973364205168
"_64",0.0722251864758955,0.534866844333115,0.00860387626406433
"_64",0.0379436555377905,0.520980374533947,0.00432489244653944
"_64",0.0351268247204709,0.477063140468047,0.00341138888244497
"_64",0.0233490014885327,0.419825593034509,0.00187813457333271
"_64",0.0144411551008616,0.390755352425851,0.00107262413047683
"_64",0.00830879698277763,0.368261273755277,0.000561862914814982
"_64",0.00384467997035307,0.345244224532781,0.000232590480838688
"_64",0.00210485534328339,0.322499106052946,0.00011978024521127
"_64",0.00120759355084135,0.296267298658428,0.000059635597030009
"_64",0.00069468428484599,0.257405710795541,0.0000224840777713192
"_256",0.103888249963963,0.458079333143146,0.00457956756640111
"_256",0.0760297108863061,0.450181732278043,0.00322496041790509
"_256",0.0703541274989898,0.413798440304174,0.00255851277380561
"_256",0.0459215557751286,0.373140146235155,0.0013932818568542
"_256",0.0280339195301855,0.352896744837585,0.000791045880234153
"_256",0.0156588858252449,0.341441060287677,0.00042274043792021
"_256",0.00717018137969641,0.321197841453219,0.000175525457598875
"_256",0.00377148551964715,0.312677395921485,0.0000859111562685483
"_256",0.00204829196232886,0.296253441605967,0.0000445311846673613
"_256",0.00090332439783842,0.273513036071986,0.0000184971306889956
"_512",0.113227603524358,0.44550193933678,0.00338643649135516
"_512",0.0939637120315969,0.438125297537007,0.00270700653048537
"_512",0.0871283402309362,0.397573152231463,0.00214040664486569
"_512",0.0560738071713496,0.365375397581989,0.00117962867524648
"_512",0.0337882653914533,0.351479237952797,0.000662560240526105
"_512",0.0187561057351813,0.340650273076658,0.000349769020409846
"_512",0.00839165359733153,0.324847455568471,0.000146750759835202
"_512",0.00443176174861149,0.312912029452294,0.0000758169954418381
"_512",0.00236717665901568,0.303705142959631,0.0000368319848905474
"_512",0.00101449284139549,0.297639934857523,0.0000158494372528446
"_1024",0.118703355440384,0.437744864365403,0.00268732192905232
"_1024",0.107001056371243,0.430950939383687,0.00233010461251078
"_1024",0.100031853182446,0.394761821622131,0.00184634439028011
"_1024",0.0642000924096515,0.361160536251384,0.00101205904471749
"_1024",0.0382491003128594,0.347954164071596,0.000566205072293689
"_1024",0.0208826903564998,0.341489649293194,0.000303996134061868
"_1024",0.00877956942750876,0.333770723574073,0.00012476809052731
"_1024",0.00453383778941315,0.326256757116608,0.0000648879969633331
"_1024",0.00254857664750547,0.319104305845192,0.0000311319991602766
"_1024",0.0010814928138663,0.295952508921524,0.0000130691315738739
"_4096",0.123271398231343,0.437221605005231,0.002109414731924
"_4096",0.119639287139879,0.431780808279195,0.00197910347326599
"_4096",0.114640854772581,0.389408946256145,0.00156955245888015
"_4096",0.0793013016760303,0.33823587117516,0.000856589645912255
"_4096",0.0457952970463746,0.332408494356794,0.00047765939936454
"_4096",0.0241719923151836,0.341717887199102,0.000256954344877436
"_4096",0.00945426357693704,0.349556647812878,0.00010552067165153
"_4096",0.00476463124857712,0.343531074167709,0.0000520141201728951
"_4096",0.00254791055979685,0.343024230873945,0.0000255768456868432
"_4096",0.00101358406579932,0.336148698708488,0.0000106453376537393
"_16384",0.124651046257183,0.436901055438585,0.00195590603243634
"_16384",0.123798072903913,0.431688880426272,0.00187808758571407
"_16384",0.123797945392909,0.382588146162721,0.00150128185404142
"_16384",0.123796756498027,0.247493112197051,0.000840671459898451
"_16384",0.123796993133943,0.151900311917167,0.000464845192720535
"_16384",0.123797269952327,0.0870766643438913,0.000242317453784683
"_16384",0.123797840677301,0.0410346681507331,0.0000975237072466922
"_16384",0.123799720499969,0.0169472017905141,0.0000562299433245386
"_16384",0.123803425161713,0.009890167384459,0.0000310567037447011
"_16384",0.123827037538838,0.00381692394473137,0.0000123496025310442
"_65536",0.12491863204472,0.43779036653157,0.00191889847251213
"_65536",0.124723376578568,0.434998234814895,0.00183759588370638
"_65536",0.124722997095992,0.397518597994102,0.00153449645231392
"_65536",0.124722713193907,0.289954934834718,0.000848467887085949
"_65536",0.124722469953504,0.195734005829282,0.000529295165559013
"_65536",0.124722484220318,0.112407925347529,0.000266289965756296
"_65536",0.124722788614311,0.0443755964412832,0.0000938007199296029
"_65536",0.124723479020387,0.0209509226536762,0.0000508598984086713
"_65536",0.124725296651951,0.0130157506242081,0.0000154577367839982
"_65536",0.124731046174971,0.00729263197304638,0.0000137812533472386
"_1",0.0171123291226868,0.917899941064763,0.0157658193433182
"_1",0.00610208145017227,0.886285485805678,0.0053840940074002
"_1",0.00580378877133995,0.79372148140651,0.00446927561249789
"_1",0.00403810236257287,0.675942691181296,0.00254589927136983
"_1",0.00250146128572275,0.625959305757802,0.00146192555819737
"_1",0.00138521668054065,0.603569553805774,0.000784352367150933
"_1",0.000610121189972573,0.613604430118192,0.000324403740166927
"_1",0.000311662186348389,0.666565579984837,0.000161664605902402
"_1",0.000164092084709789,0.701588271227856,0.0000835996644373587
"_1",0.0000746071746614166,0.751381215469613,0.000034870199320568
"_4",0.0245015450099276,0.871914803246676,0.015174917267362
"_4",0.00895198913679678,0.842887354732443,0.00534129431361179
"_4",0.00848245230193735,0.737873940295225,0.0044127726640825
"_4",0.00585623986712347,0.588772472231765,0.00255431996386657
"_4",0.0036575383767524,0.522028308672989,0.00144215994604318
"_4",0.00209831533484014,0.481501622006788,0.000765312371675348
"_4",0.000888457957086977,0.457170640960595,0.000317921937891793
"_4",0.000469379840963806,0.487047859737798,0.000168548713265423
"_4",0.000237351867350776,0.504657886283328,0.0000860230704850624
"_4",0.000108917974899142,0.538804307463795,0.0000339382095700226
"_16",0.0396920966846224,0.722288217070826,0.0127911507410596
"_16",0.0162330559829657,0.704775717829066,0.00507283842744482
"_16",0.0153228571263944,0.642691813871338,0.00420060522206601
"_16",0.0106551895854525,0.557851266167766,0.00240587963215367
"_16",0.00668006510996968,0.519012944983819,0.00137890983056528
"_16",0.00378784336690121,0.495955201692705,0.000726994517567784
"_16",0.0016470054626909,0.479303435928042,0.000304788432357034
"_16",0.000856414470249384,0.476629610914603,0.000153328295317529
"_16",0.000423593990482793,0.484545093365117,0.0000803157036815305
"_16",0.000195267341838515,0.512851649463671,0.0000341016027108979
"_64",0.0721080589390464,0.539310972819189,0.00872755903481312
"_64",0.0377064294283349,0.53174613004922,0.004455199638497
"_64",0.0354957771974961,0.494767687110974,0.00367587860438771
"_64",0.0242586209351699,0.440071418858599,0.00210959968586813
"_64",0.0151362352575567,0.4135080002653,0.00122685941834133
"_64",0.00863023785441083,0.394674149282835,0.000649149880082954
"_64",0.00402018209841814,0.38185037741702,0.000271449434318768
"_64",0.00200248566138532,0.37306252652972,0.00013942022618407
"_64",0.00101205799909461,0.376147486940204,0.0000693793444630608
"_64",0.000456285225803515,0.4051385822909,0.0000264219437006235
"_256",0.103872252813852,0.460730459508655,0.00463773761460582
"_256",0.0759711170721138,0.456478534492119,0.00332152534162631
"_256",0.0715737740378292,0.426088379267158,0.00274968016683615
"_256",0.0481631016459391,0.388612193912698,0.00156535351960057
"_256",0.0297714805570891,0.369311321156964,0.000902777101642388
"_256",0.0166161587990378,0.357624179867476,0.000487288893418635
"_256",0.00753480009175029,0.342643836333585,0.000201448709936008
"_256",0.00390811919559106,0.334871679020049,0.000101305108834947
"_256",0.00203581513274792,0.327501840980572,0.0000546891040491357
"_256",0.000819413448518898,0.319753543651729,0.000020957495042076
"_512",0.113242034873657,0.447846537924715,0.00344049789498549
"_512",0.093997888945138,0.443719608163144,0.00279320575559087
"_512",0.0888001105371658,0.413986759130717,0.00230913174021681
"_512",0.0590318699690454,0.378840813773913,0.00132552568913802
"_512",0.0359851297875719,0.364870953973242,0.000758568447945606
"_512",0.0200886461657795,0.355762157667096,0.000403114244689424
"_512",0.00892839193995603,0.342862190119143,0.000171668040010987
"_512",0.00467420883170807,0.334902197766015,0.0000868533693568389
"_512",0.00245916459757442,0.327159726979417,0.0000436179039795975
"_512",0.00100110217623109,0.324079364254921,0.0000189674921924029
"_1024",0.118742154929495,0.440233968409589,0.00272771836792508
"_1024",0.107093301883548,0.434224633067503,0.00240387998581926
"_1024",0.101771411030197,0.405802706468917,0.00199019620739658
"_1024",0.0678011559192586,0.372915443017154,0.0011389700452381
"_1024",0.0408554919936189,0.361937867944987,0.000649739019688375
"_1024",0.0225266776525037,0.35513432877329,0.000353409939389223
"_1024",0.00948727327166406,0.347593312871645,0.000145830592790635
"_1024",0.00485081344614783,0.342260437685525,0.0000758913949617504
"_1024",0.00268459414371656,0.336001296794248,0.000036875563922013
"_1024",0.00110953479800501,0.317537178008812,0.0000155009625011093
"_4096",0.123310778801738,0.439306281659734,0.00214220932800033
"_4096",0.11979093306145,0.436132828464974,0.00203700658115246
"_4096",0.116257777629528,0.401164013044245,0.0016986618422244
"_4096",0.0841849464226721,0.348928012626147,0.000963740342671203
"_4096",0.0499473351835348,0.340699113386388,0.000551614758237523
"_4096",0.0264243070425146,0.34867620587902,0.000293627214183595
"_4096",0.0103738032352391,0.359372404048554,0.000122334191170054
"_4096",0.00517766197941628,0.354052257514962,0.0000604088104593483
"_4096",0.00273806857264042,0.35738788054893,0.0000297623370263959
"_4096",0.00109056047128022,0.365568996171424,0.0000122574100655957
"_16384",0.1246510570936,0.438834549451205,0.00199018826967392
"_16384",0.123798087702662,0.435683405856567,0.00193656918788266
"_16384",0.123797875016317,0.39825855268701,0.00160979559090854
"_16384",0.123796845612867,0.267653416860836,0.000930853699952252
"_16384",0.123796837098314,0.167427604269202,0.000528988601060899
"_16384",0.123797134342838,0.0984668928461521,0.000285634038070208
"_16384",0.12379772619235,0.0463063067831113,0.000114029151695392
"_16384",0.123799694859548,0.0201396220581643,0.000063337993724677
"_16384",0.123803523803668,0.0108121617260217,0.00003464085913515
"_16384",0.12382799451156,0.0043848111415992,0.0000142192902545041
"_65536",0.124918712165654,0.43981370151489,0.0019527267620635
"_65536",0.124723424347095,0.437557963196015,0.00189533560756431
"_65536",0.124723036047265,0.409085314116615,0.00164612294556665
"_65536",0.124722912244784,0.3127317598781,0.000963699299537094
"_65536",0.124722543485877,0.219864256934941,0.000615064321878423
"_65536",0.12472240450645,0.127234694579215,0.000302971342706227
"_65536",0.124722786572833,0.0551917737794603,0.000115776838552968
"_65536",0.124723490881285,0.0262050721809219,0.0000608278564055917
"_65536",0.124725106779292,0.0176104885087917,0.0000262037724302909
"_65536",0.124731276913214,0.00759971547849677,0.0000144470013398535
"_1",0.0171195295683562,0.919689245753188,0.0158846408730282
"_1",0.00611427739105531,0.893307190167619,0.00548017939373421
"_1",0.00587485565716141,0.820353857277011,0.00471735676431072
"_1",0.00421334502058017,0.705455604075691,0.00281751051207408
"_1",0.00264617343002053,0.656804733727811,0.00163337475593767
"_1",0.00148462063955449,0.63233454066513,0.000885505327750188
"_1",0.000650555507260517,0.63351226993865,0.000373813447498211
"_1",0.000333112357971225,0.661419618131468,0.00018767725518568
"_1",0.000175374949669116,0.703311995546897,0.0000960985659508968
"_1",0.0000917239966734496,0.820276497695853,0.0000391884252745975
"_4",0.0245836780372722,0.830597878306567,0.0152957852041089
"_4",0.00899506676708674,0.820906386325555,0.00544035105721814
"_4",0.00861333777428784,0.749945418450087,0.00466576169308809
"_4",0.00611998369334187,0.61708013625572,0.00280466773247397
"_4",0.00388361435455755,0.549285287300871,0.00161668786357442
"_4",0.00222326420331104,0.508508597413671,0.000863992125876738
"_4",0.000954330099731127,0.48435129740519,0.000365608654645852
"_4",0.000490790784290453,0.479291739493883,0.000191764332095727
"_4",0.000256602852882179,0.505454009433962,0.0000960319678240986
"_4",0.00011516032374557,0.543963712491277,0.0000386334762179869
"_16",0.0397057820460281,0.72293841107794,0.0129167315943257
"_16",0.0162531824369914,0.710975712599089,0.00516867843747612
"_16",0.0155346758689729,0.661523830810123,0.00443771361130204
"_16",0.0111071656362214,0.581354963373491,0.00265131403477564
"_16",0.00705052815308666,0.543120210171135,0.00155108910751636
"_16",0.00404967836763488,0.514456069299134,0.000821112122643504
"_16",0.00174985261211468,0.504649696587595,0.000348650765829441
"_16",0.000907209854573826,0.501434034416826,0.000173413245074008
"_16",0.000456043165441551,0.510486863027183,0.0000895232758705051
"_16",0.000209061514026062,0.525779145825317,0.0000411494921927124
"_64",0.0721175302248722,0.538848900997213,0.00879617504922811
"_64",0.0377444544880884,0.534676033137474,0.00453031124958381
"_64",0.0359968155036238,0.505179544285908,0.00388693539771955
"_64",0.0253433199442601,0.453634638632,0.00232361894837683
"_64",0.0160317416217539,0.427963941504031,0.00136720406243315
"_64",0.00922468921992399,0.409063212781675,0.000737217230367426
"_64",0.00414151301977919,0.391521544311769,0.000309023687796953
"_64",0.00216367839422643,0.383304513743963,0.000158575778078484
"_64",0.00109129209813995,0.392448187754329,0.0000793918366999426
"_64",0.000471574287767649,0.408058771148709,0.0000329519628938782
"_256",0.10389171566044,0.461748644087849,0.0046916582777922
"_256",0.0760435578539205,0.459573791040693,0.00337725467948209
"_256",0.0725992459926077,0.43440729934604,0.00291090912095278
"_256",0.0503314729741413,0.398950320047561,0.00173086211413338
"_256",0.031583791228587,0.380474721001015,0.00101141550464865
"_256",0.017748395885484,0.368174802274456,0.0005458639050233
"_256",0.00807795574201361,0.35559475022047,0.000231476951913124
"_256",0.00419621165921895,0.342953953141381,0.000116302623046273
"_256",0.00220392501413862,0.340653589826041,0.0000589469869079658
"_256",0.000898158950510351,0.326047246995257,0.0000247927798339425
"_512",0.113261836770233,0.449015665032942,0.0034666792009111
"_512",0.0940816392192407,0.446712526551342,0.00284297465131525
"_512",0.0901655082222597,0.421930341602581,0.00244020018466359
"_512",0.0618495268249528,0.38882897220832,0.00145573993601498
"_512",0.0381532812794567,0.374209582077482,0.000849936710644331
"_512",0.0214876220144578,0.365289351466814,0.000455377673193524
"_512",0.00958316527308071,0.355655023665773,0.000195197763219536
"_512",0.00502229881131603,0.34603595601206,0.0000994212475566369
"_512",0.00264131716501566,0.337544795235818,0.0000494425918653363
"_512",0.00107978783857651,0.33035395356389,0.0000211970714280744
"_1024",0.118777634443309,0.441229984267623,0.00274911167736861
"_1024",0.107163836964525,0.439051214450507,0.00244828292860224
"_1024",0.103169857296305,0.413121254237411,0.00210347219151267
"_1024",0.0712141600164538,0.381218622915136,0.00125315891297581
"_1024",0.0434624167506538,0.371019983742003,0.000728114685597693
"_1024",0.0240924755502828,0.364858323498234,0.000396417661438268
"_1024",0.0102164448098815,0.354554387353358,0.000165077628646744
"_1024",0.00524240676691303,0.353139199586448,0.0000844210793707853
"_1024",0.00286987835620023,0.343976765280491,0.000041293001564024
"_1024",0.00119984924046126,0.327677381568784,0.000017955308195621
"_4096",0.123337854776918,0.440105384544726,0.00215924595322662
"_4096",0.119894721749794,0.438339113225696,0.00207429619294628
"_4096",0.117324834486743,0.409466384412512,0.00178923042428749
"_4096",0.0882487256236614,0.356749648634056,0.00106314743413066
"_4096",0.053738448040939,0.346899372517743,0.000614821425801856
"_4096",0.0287707057050416,0.354277517058013,0.000331116746485609
"_4096",0.0113442481852063,0.365273880428715,0.000138410208832765
"_4096",0.00565907821337717,0.361370947052671,0.0000674505439002442
"_4096",0.00290951618419,0.367990742235858,0.0000352100918500919
"_4096",0.0011382249026636,0.372640665977907,0.0000138779538830108
"_16384",0.124652054516485,0.439840565908246,0.0020047645897903
"_16384",0.123799237606279,0.438089001772999,0.00195889151312351
"_16384",0.123799199355772,0.410267375583229,0.00170072741587977
"_16384",0.123798159821263,0.285205395995818,0.00102748703152811
"_16384",0.123798056672565,0.182195227458315,0.00059321892277648
"_16384",0.12379849705205,0.108540120686845,0.000321037854454682
"_16384",0.123798764327924,0.0522349145707982,0.000126701960069119
"_16384",0.12380071943351,0.0224992222413308,0.0000697344503043695
"_16384",0.123804405994542,0.0126566185941657,0.0000400856445444098
"_16384",0.12382812786429,0.00477667393765054,0.0000169978699919372
"_65536",0.124919730871836,0.440520025011101,0.00195864207490619
"_65536",0.124724545893053,0.438833257996884,0.00194033496564596
"_65536",0.124724126420106,0.416822643025149,0.00172711114778979
"_65536",0.124723840498379,0.328629302671672,0.00104904495230759
"_65536",0.124723463286332,0.234144309662412,0.00067338458805775
"_65536",0.124723476282844,0.138051800574739,0.000350667250737459
"_65536",0.124723722107818,0.0599432725131946,0.000127629583968708
"_65536",0.124724474224087,0.0297605541532203,0.0000686690954126606
"_65536",0.12472625947356,0.0203719954612623,0.0000318232317943428
"_65536",0.124731850355339,0.00871691526778709,0.0000157524664000627
"_1",0.0171372879058456,0.917621024406791,0.0159710982016186
"_1",0.00610399231006114,0.898502575189165,0.00554129105271047
"_1",0.00586554011547104,0.848002719418973,0.00491789917246051
"_1",0.00423407302822287,0.754049252847539,0.00303673492371664
"_1",0.00265597653789764,0.716455227335864,0.00179534503895214
"_1",0.00147483789507883,0.701215484211917,0.000984308219017932
"_1",0.000645976070679617,0.702637889688249,0.000416687300030706
"_1",0.000328343551830401,0.740134028294862,0.000208556498058716
"_1",0.000172464894316907,0.778674351585014,0.000109073192601453
"_1",0.0000794303972453157,0.828571428571429,0.0000452095943891532
"_4",0.024568842676503,0.8086110081806,0.0153661080037456
"_4",0.00898573716791388,0.804140421720152,0.00549064920697399
"_4",0.00862027148120841,0.764732944288593,0.00486219465141644
"_4",0.00620813077613908,0.648806555521113,0.00304022800765932
"_4",0.00393061278815976,0.589928650117887,0.00177860930714997
"_4",0.00222367467396458,0.550705336020328,0.000960771165690006
"_4",0.000937266203937273,0.530487561394402,0.000407336531342302
"_4",0.000491854117143893,0.555317102049878,0.00021336115389741
"_4",0.000249471541052335,0.557897862232779,0.000106417251415633
"_4",0.00011550987222072,0.599373477201531,0.0000431743435254718
"_16",0.0396880788258416,0.720077576457158,0.0129681387861128
"_16",0.0162532505399107,0.712579453503115,0.00522357799912697
"_16",0.015638750638968,0.676290580095796,0.00462847323391221
"_16",0.011402419671871,0.606274314638247,0.00287130908972875
"_16",0.0072902749947788,0.570558956077218,0.00170811303363411
"_16",0.00414060558971139,0.551007252215955,0.000909559066002322
"_16",0.00176830479742728,0.542460224155498,0.000388361783067336
"_16",0.000907551569529431,0.546556299259377,0.000196509597167983
"_16",0.00044895755769988,0.556451612903226,0.000101978149584504
"_16",0.000203062207545777,0.558538404175988,0.0000421128558260167
"_64",0.0721324678146114,0.537805472536952,0.00883262488819451
"_64",0.0377625019606436,0.535966545090877,0.00457365334895289
"_64",0.0363566040474956,0.512772495203489,0.0040487331547936
"_64",0.0262380625662496,0.466109559447988,0.00251789378740802
"_64",0.0167752108257716,0.441434022148255,0.00150373654703979
"_64",0.00970126576691613,0.423441598763164,0.000813907451202212
"_64",0.0042864881346586,0.411048904421401,0.000344351366517833
"_64",0.00220734160050775,0.40939150401837,0.000177826848381124
"_64",0.00110043099243601,0.423357995551723,0.0000885249505553767
"_64",0.000471244119861209,0.443771530170019,0.0000341315647236198
"_256",0.103907351835078,0.462321247511002,0.0047125906875256
"_256",0.0760818374896926,0.46101945430288,0.00342805365739565
"_256",0.0733985573058515,0.440927796458487,0.00303091748161109
"_256",0.0522389912118199,0.407808285547641,0.00187632440215024
"_256",0.0332150117910972,0.390929992436634,0.00111291030424657
"_256",0.0188153787790425,0.378190284570186,0.000612579729920765
"_256",0.0085670242597803,0.36664421457782,0.000258687784550461
"_256",0.00443967789891606,0.356674574078068,0.000130806725150089
"_256",0.00231363964936215,0.353124683721401,0.0000669714215900877
"_256",0.00090079334531739,0.354342585883084,0.0000280318817849406
"_512",0.113283269617516,0.449291757199661,0.00348233614214916
"_512",0.094115327903895,0.448078331184126,0.00287322916246301
"_512",0.0911181023395015,0.427658014996288,0.00254087075352243
"_512",0.0643061641417008,0.397151192199737,0.00157765051088699
"_512",0.040236936679119,0.383983964642979,0.000931936448710613
"_512",0.0227882861953418,0.374008971491809,0.000505101182258503
"_512",0.0101984121321647,0.364300810512661,0.000216811002844928
"_512",0.00533719061302729,0.355614167544191,0.000112268779973014
"_512",0.00282958734129427,0.339032311638464,0.0000546640717674989
"_512",0.00110985174143508,0.343953456157362,0.0000236840531842295
"_1024",0.118793395195816,0.441592745827417,0.00276101493549054
"_1024",0.107220759396308,0.440375015293803,0.00247317934748646
"_1024",0.104304013841536,0.419175137785534,0.00218775644042834
"_1024",0.0741711749662255,0.388539448701363,0.00135727111843107
"_1024",0.0458278340445838,0.37912051180781,0.000803565303932162
"_1024",0.0256827756388153,0.372455548663202,0.000443151596516474
"_1024",0.0109311099541576,0.367283130951341,0.000182943252668823
"_1024",0.00557435811043273,0.361083365315831,0.0000942021697236364
"_1024",0.0030467826876327,0.354952763248591,0.0000472506594021973
"_1024",0.00127647555609038,0.339355984447243,0.0000202172817427826
"_4096",0.123368493126738,0.438155916552631,0.00216604137150031
"_4096",0.119967025347069,0.439886893035337,0.00209354943106421
"_4096",0.118131855930162,0.416280439216681,0.00185987621917113
"_4096",0.0919107445174222,0.364416793036708,0.00115020559459045
"_4096",0.0570897311383795,0.352308242454905,0.00067852600005058
"_4096",0.0310606686176696,0.357657065897801,0.000368811536831397
"_4096",0.0124016951507342,0.372529690015889,0.000156146201801973
"_4096",0.00615161623143045,0.369328062099728,0.0000765263138420524
"_4096",0.00313232947941742,0.375746297588586,0.0000397521234626051
"_4096",0.00123321606874937,0.38208851040067,0.0000152907557143549
"_16384",0.124652109485938,0.440104470313185,0.00201116387743878
"_16384",0.123799254269778,0.439165198587453,0.00198555635996922
"_16384",0.123799357453157,0.415772826043476,0.00177706312041501
"_16384",0.123798438690535,0.301567799154744,0.00110901083867704
"_16384",0.123798141106391,0.195916761862512,0.000656076970277588
"_16384",0.123798477780545,0.117332694663301,0.000357324163162098
"_16384",0.123798663642077,0.0571757449583843,0.000143104527628331
"_16384",0.123800690361703,0.0256107236721573,0.0000807952537148454
"_16384",0.123804366065462,0.0139331968814884,0.0000438669562205891
"_16384",0.123828068635499,0.00580832839845831,0.0000187731139677671
"_65536",0.124919688633748,0.440360292589986,0.00196745904905193
"_65536",0.124724585865149,0.439423200344116,0.00195876659422574
"_65536",0.124724273350284,0.422951113833168,0.00179763025313144
"_65536",0.124723985444128,0.341215391115839,0.00113991423415153
"_65536",0.124723511788991,0.249098591565641,0.000745503328863898
"_65536",0.124723535912301,0.151447406143751,0.000391887366124494
"_65536",0.124723756879807,0.063141225829742,0.000155908035318936
"_65536",0.124724411550904,0.0326393457306019,0.0000724989329187586
"_65536",0.124726257354842,0.0229393852114615,0.0000343649352615194
"_65536",0.124731839645587,0.0104287779901728,0.000014792788267588
"_1",0.0171431290102451,0.915470110179564,0.015981861136573
"_1",0.00611681439479233,0.900090272718634,0.00556859122638226
"_1",0.00598980344008762,0.851696014528002,0.00505910292774954
"_1",0.00454925090908232,0.744117488837485,0.00324545685262697
"_1",0.00293605978777988,0.696358103136914,0.001947249470129
"_1",0.00166038825844464,0.677258310818748,0.00107899886232565
"_1",0.0007307016424198,0.677747252747253,0.000456122434563586
"_1",0.000369746540469694,0.702263267429761,0.000228642201590048
"_1",0.000192593877428797,0.738932456362256,0.000118447207916634
"_1",0.0000877113973885788,0.785756327251324,0.0000497767197994681
"_4",0.0244853426279136,0.794458133804454,0.015384698071706
"_4",0.00898311950704389,0.78953173661575,0.00551866458510885
"_4",0.0087717858638947,0.760922377080914,0.00501345187579513
"_4",0.00661237436636375,0.648034735784304,0.00324343905634177
"_4",0.00432914454924272,0.581786728342829,0.00193178404243447
"_4",0.0025049780240664,0.543472059336271,0.00105101975352577
"_4",0.00106191154439521,0.519941651545878,0.000447240422012518
"_4",0.000560044493634306,0.51954007254808,0.000236947488746447
"_4",0.000280193140130442,0.54135943155919,0.00011641554263473
"_4",0.000127796990089763,0.574199507389163,0.0000486516726750989
"_16",0.0397044340438746,0.718886155487714,0.012987378834594
"_16",0.0162605045078337,0.713027791444323,0.00524821713812494
"_16",0.015843986757872,0.683355407626632,0.00476626427212982
"_16",0.0119976427696141,0.612822239378653,0.00306747360128243
"_16",0.00790077128435813,0.571143417198581,0.00184186298996315
"_16",0.0046145127922396,0.542785157333498,0.00099447669531469
"_16",0.00200584466700574,0.528420123565755,0.0004241003617417
"_16",0.00103266781620502,0.531801496541014,0.00021535762022416
"_16",0.000509283609082401,0.543101705196468,0.000112947605857346
"_16",0.000224209229788592,0.558219178082192,0.0000462135222146882
"_64",0.0721579377849206,0.537262655825545,0.00883580873648621
"_64",0.0377685553542861,0.536226677205336,0.00459854272043004
"_64",0.0366929601787965,0.518194035867499,0.00417690104755772
"_64",0.0272574475572125,0.473842858366892,0.0026901790262467
"_64",0.0177438527755798,0.447799880907153,0.001632297233885
"_64",0.0104826129255944,0.426659424430321,0.000887959643239548
"_64",0.00476566478517993,0.404076327146051,0.000375137676071849
"_64",0.00251574977349824,0.397385487412552,0.0001954417746985
"_64",0.00125284430550554,0.401638679321814,0.0000968568391152597
"_64",0.000529050173403723,0.42811328202092,0.0000385185975898342
"_256",0.103909689314457,0.462664880015193,0.00471300582911924
"_256",0.0760907638325302,0.461865136164565,0.00343649928096494
"_256",0.0740599694267843,0.445639039630967,0.00312540369205641
"_256",0.0541334351962104,0.413855820183117,0.00200478556736386
"_256",0.0348604496291774,0.397927271828821,0.00120209988839125
"_256",0.0199347427712124,0.384901274222629,0.000663886149046131
"_256",0.00917975391903635,0.369874738228889,0.000283255678034584
"_256",0.00484328928755083,0.355276331034793,0.000143398029191518
"_256",0.00256908274768483,0.348396430634356,0.0000747473926018325
"_256",0.00104616921195887,0.342894050035589,0.0000301864369303822
"_512",0.113288245609666,0.449616485240007,0.00348752957978399
"_512",0.094142148793682,0.449049999905706,0.00288735792225047
"_512",0.0919216479468251,0.432122313628695,0.0026187918929782
"_512",0.0667908989832507,0.403233810321126,0.00169004557927575
"_512",0.042375170655465,0.389265344888767,0.00101209562034207
"_512",0.0241226867081546,0.379337974349017,0.000555840172339679
"_512",0.0108848560124832,0.370809960616143,0.000238296490988977
"_512",0.00566005180372488,0.361135739529843,0.000122641272713045
"_512",0.00308439994601065,0.350154632960513,0.0000610273080718423
"_512",0.00126815731902922,0.33816535640503,0.000026029342929828
"_1024",0.118795563676426,0.441398881546717,0.00276634417727207
"_1024",0.107242334170666,0.440748082772645,0.00248697988033962
"_1024",0.105131134156064,0.423634883462079,0.00225753006873627
"_1024",0.077115206372592,0.393029617298211,0.00145146874197511
"_1024",0.0482768532788447,0.384753353712355,0.000871710774765189
"_1024",0.0272207370149343,0.377960929957616,0.000482672305950507
"_1024",0.0116667405586254,0.374414807237077,0.000200720780125134
"_1024",0.00596556604610477,0.365998768327275,0.000103644305833361
"_1024",0.00326573541882284,0.358856859816731,0.0000516604514114725
"_1024",0.00140346039400543,0.335605599945949,0.0000221540651049946
"_4096",0.123379317458344,0.440857093077081,0.0021715455980019
"_4096",0.120003125723044,0.440307704243347,0.00210495680218708
"_4096",0.118664233357526,0.421352986176843,0.00192206207076831
"_4096",0.095292987888433,0.368842782755397,0.00123095967823544
"_4096",0.0601918296426387,0.355617842052789,0.000737195750869781
"_4096",0.0331037538209408,0.359823958435744,0.000404463852118477
"_4096",0.0132807213186986,0.374602026732472,0.000171241416153475
"_4096",0.00656284737754063,0.37293803219591,0.0000861751637664409
"_4096",0.00337477191286928,0.379371426833719,0.0000439877133356347
"_4096",0.00134757942704328,0.370489783781488,0.0000175676205053588
"_16384",0.124652177708856,0.440460622326233,0.00201352006823331
"_16384",0.12379928203302,0.440021762470406,0.00199413931873855
"_16384",0.123799356309314,0.424487785204366,0.00182263532656379
"_16384",0.123798604950572,0.315366941186169,0.00118727647411109
"_16384",0.123798369107427,0.20781706605135,0.000712769540392303
"_16384",0.12379820978294,0.12582555649525,0.000388336971164717
"_16384",0.123798985281713,0.0613526471203823,0.000156111956735407
"_16384",0.123800826323853,0.0277100566997099,0.0000885378220482893
"_16384",0.123804588992632,0.0147819916255673,0.0000484029346669278
"_16384",0.123828932597873,0.00676987813462793,0.0000209687542149233
"_65536",0.124919758984222,0.440649027980733,0.0019831958944314
"_65536",0.124724552248355,0.440078805158775,0.00196975546490993
"_65536",0.124724252844166,0.428565889177331,0.00185466243692984
"_65536",0.12472401890853,0.355481997826184,0.00122232918462306
"_65536",0.124723591943673,0.262151182270043,0.000787924896216139
"_65536",0.124723490300244,0.156621359891194,0.000416881006810209
"_65536",0.124723818493768,0.068316652060068,0.000162876078942716
"_65536",0.124724452563358,0.0353505184343176,0.000084256467280385
"_65536",0.12472631550691,0.0256679106195421,0.0000373216442323989
"_65536",0.124731920451003,0.0117639690279622,0.0000157697666633046
"_1",0.0171794571146288,0.907512613722141,0.0160024233214283
"_1",0.00614276131807796,0.894828492316864,0.0055846282010167
"_1",0.00603025096990859,0.859176378179953,0.00517337082278311
"_1",0.00465819034453755,0.762876670748684,0.00342650370318158
"_1",0.00306037732839869,0.712850987490189,0.00208937747026331
"_1",0.00176408575985987,0.688787059018385,0.00117165971638766
"_1",0.000783826985662213,0.678853503184713,0.000498266454114986
"_1",0.000398895735291569,0.69370125974805,0.000250602233107145
"_1",0.000208729387602974,0.720683287165282,0.000128760033477609
"_1",0.0000951889058208392,0.774336283185841,0.0000543434818154818
"_4",0.0245641530651143,0.784048675903873,0.0154044106235813
"_4",0.00900829472521499,0.778377812282291,0.00553435063698252
"_4",0.00881944562447259,0.761725891699631,0.00512836600304789
"_4",0.00677047706548524,0.665562608122834,0.00342903163832792
"_4",0.00447763947287017,0.601433110870337,0.00207843889330101
"_4",0.00261972615787732,0.560793631575761,0.00113732090790833
"_4",0.00113515956920392,0.527348157982078,0.000490619403486598
"_4",0.000598149436440763,0.526007139214686,0.000253554926263264
"_4",0.000307270797676349,0.540323592123417,0.000125586990585343
"_4",0.000137567524906112,0.587873462214411,0.0000532408032186853
"_16",0.0397251867861012,0.718391035551955,0.0130006919461966
"_16",0.0162671384597837,0.713174532137387,0.00526507913248285
"_16",0.0159234649887476,0.690864805304431,0.00487719140516003
"_16",0.0122521740541242,0.630628758199708,0.00323174227183248
"_16",0.00812590773026876,0.591113593618405,0.00197478785876851
"_16",0.00477285274920943,0.563743508087918,0.00108170089086988
"_16",0.00211318768306234,0.546722360708752,0.000468778781787974
"_16",0.00110950157639723,0.54075282058109,0.000235018688709633
"_16",0.0005530458500698,0.544717506967317,0.000122732957142548
"_16",0.000240368029137282,0.557400606737985,0.0000513233152983664
"_64",0.072153239694063,0.537014263126284,0.00886195303747184
"_64",0.037777009432559,0.536240192979305,0.00461354405960623
"_64",0.0369288491066379,0.522329687871871,0.00426671552671761
"_64",0.0280063655885561,0.482313412146366,0.00283933300269481
"_64",0.0184181049909329,0.45764891391794,0.00174919618345329
"_64",0.0108998750787948,0.437487390776101,0.000968310820769082
"_64",0.0049532738347819,0.419115173819275,0.000411226423251419
"_64",0.00263668324203819,0.408938816836218,0.000214804260208206
"_64",0.00132968848176864,0.407225835988021,0.000107153716754923
"_64",0.000567864278152205,0.43118204950266,0.0000442319313113492
"_256",0.103911465201586,0.462738001671332,0.00471963251016766
"_256",0.0761019981189728,0.462372605049511,0.00345176340868152
"_256",0.0746264433424455,0.449100786654043,0.00319118212072486
"_256",0.0558213307624146,0.41977786460842,0.00212091858037239
"_256",0.0363722106191445,0.403823353434978,0.00128569860186018
"_256",0.0209035315794532,0.392415355383472,0.00072246755763611
"_256",0.00960968790262664,0.377434628517702,0.000309531302324174
"_256",0.00505119054564706,0.365780963831653,0.000158145948489582
"_256",0.0026426012124124,0.358248762981613,0.0000812227813836408
"_256",0.0011002911237345,0.348172173460924,0.0000338573199628295
"_512",0.11328799584459,0.449747454808797,0.00349198372202459
"_512",0.0941488250215831,0.449376124440577,0.00289560070444202
"_512",0.0924764365878931,0.435315373844624,0.00268075365787062
"_512",0.0689048437541429,0.40851282912467,0.00178758279564438
"_512",0.0442623732890828,0.395194904047992,0.00108580297363372
"_512",0.0254292894138124,0.386220427672349,0.000602431853325327
"_512",0.011496240052439,0.376286879722331,0.000258974279289965
"_512",0.00598932486975672,0.366063683547696,0.000133718964689282
"_512",0.00324113043931961,0.357990272780465,0.0000671982823102985
"_512",0.00133508848715838,0.344727301181564,0.0000277947462749435
"_1024",0.118798686551744,0.441991937928347,0.00276885678167971
"_1024",0.107254909100422,0.441579579077044,0.00249325285187277
"_1024",0.105687444226662,0.427492158234741,0.00230893884752729
"_1024",0.0797513123113103,0.397926570000524,0.00153649814045875
"_1024",0.0504185437125298,0.390060450846205,0.000938313849989464
"_1024",0.0287115024250004,0.384541043732941,0.000523540820106597
"_1024",0.0123655716593043,0.380474489395563,0.000219987334549472
"_1024",0.00634006046634426,0.37284904332356,0.000114125687918143
"_1024",0.0034357488211101,0.366643194111446,0.0000573456808703495
"_1024",0.00144966032010949,0.348022363906506,0.0000241130797882665
"_4096",0.123376186723143,0.440939662772456,0.00217243364961188
"_4096",0.120012837941625,0.440577478743823,0.00210958850638124
"_4096",0.119047512706679,0.425668208957567,0.00196437530751606
"_4096",0.0980996621081708,0.373748360637261,0.00130135484994798
"_4096",0.0631882204149177,0.355384959737374,0.000784557438741565
"_4096",0.0350938327308058,0.363553394660574,0.000436678082747408
"_4096",0.0141156917140064,0.37676660517281,0.000185813634670383
"_4096",0.00691511035075638,0.378348196197525,0.000094669754844279
"_4096",0.00359809951772115,0.390737320233723,0.0000480651214300354
"_4096",0.00139505056837052,0.364919557012037,0.0000189554624415669
"_16384",0.124651213606919,0.44052120559239,0.0020154467847016
"_16384",0.12379839864168,0.440333453665354,0.00199836681761917
"_16384",0.123798622603331,0.428443106080101,0.00186819813098389
"_16384",0.123797834329495,0.328942059824364,0.0012531867488592
"_16384",0.123797359715339,0.219806943587125,0.000767644650415626
"_16384",0.123797413272919,0.134519849226622,0.000415071585465164
"_16384",0.123797787592974,0.0660950619050071,0.000171536856626287
"_16384",0.123799661130016,0.0296403164530272,0.000096366049891651
"_16384",0.123803562183607,0.0158348141336527,0.0000519784465566436
"_16384",0.123827084184388,0.00747407764814884,0.000022898231571291
"_65536",0.12491883771986,0.440654347308144,0.00197662212816131
"_65536",0.124723689866417,0.440351506484959,0.00197148467404605
"_65536",0.12472339818198,0.432144040993743,0.0018716320657722
"_65536",0.124723108137188,0.366518684632436,0.00130755265238818
"_65536",0.124722771668981,0.278342641609889,0.000859576624018256
"_65536",0.124722604271024,0.16802890120613,0.000447493549827696
"_65536",0.124722885772502,0.0760643531640079,0.00018891558305615
"_65536",0.124723496310851,0.0380070366408341,0.0000959620724691912
"_65536",0.124725354917275,0.0279675285685166,0.000038635709385946
"_65536",0.124731040671416,0.0124667513351168,0.0000175162043045804
"_1",0.0171365816978763,0.913781246501511,0.0160130421796047
"_1",0.00611198516963373,0.896539548022599,0.00559371756521698
"_1",0.00598332665598948,0.878575239696681,0.00526394539474915
"_1",0.00460487210569952,0.807418366268625,0.00360843121693174
"_1",0.00300524500214101,0.77632847872636,0.00222631889138495
"_1",0.00171021766326074,0.762182293739694,0.00125803853495538
"_1",0.000754443691061856,0.75793991416309,0.000537798337782251
"_1",0.000386195414387335,0.772658988482724,0.000270001995474266
"_1",0.000203551705932018,0.809931506849315,0.000139072287693252
"_1",0.0000916779917672461,0.835016835016835,0.0000590613006623145
"_4",0.0244328315813264,0.779390698118613,0.0154125285092475
"_4",0.00898660699764721,0.774369218115179,0.00554508323046016
"_4",0.008808224185049,0.767691713238274,0.00522319018791014
"_4",0.0067558021725896,0.69256828933313,0.00359354681841206
"_4",0.00445004638823911,0.640004707714314,0.0022137662631182
"_4",0.00257285810458534,0.606413106367429,0.00122125785637314
"_4",0.00110209232921079,0.582879880288396,0.000529742209555192
"_4",0.000579514082744267,0.577857609405617,0.000277045213284863
"_4",0.000290046930631858,0.58746503941012,0.000136167255705704
"_4",0.000133622355000254,0.611802140584322,0.0000579786806223407
"_16",0.0397005927722773,0.719098269566598,0.0130083170892494
"_16",0.0162511927413858,0.714334694255311,0.00527322688859059
"_16",0.0159403551512873,0.697996422642869,0.0049616902619354
"_16",0.0124170984674259,0.648701127429248,0.00339507576127963
"_16",0.00825149890047694,0.615054426752002,0.00210546776406308
"_16",0.00479692051955484,0.59740939132485,0.00116375609471473
"_16",0.00207550766290191,0.592006365113759,0.000506630299790831
"_16",0.00107518958777091,0.596823561420215,0.000254863102621501
"_16",0.00053578989026184,0.607236325569223,0.0001310252293791
"_16",0.000235079224276305,0.612278669534999,0.0000560654973895711
"_64",0.072143973648235,0.537395010728831,0.00885492893922819
"_64",0.0377713375255866,0.536949511698068,0.00462403113604493
"_64",0.0370886361189167,0.526233098858515,0.00434259641980926
"_64",0.0286612142867595,0.489672381833544,0.0029830968109648
"_64",0.0190566410989047,0.466880548170372,0.00186268738367495
"_64",0.0112753337091596,0.448951393500568,0.00104310309725736
"_64",0.00503543659817954,0.438252097626276,0.000445826278744665
"_64",0.00262888127982021,0.431150472621988,0.000233982676127544
"_64",0.00129843814475508,0.438538646656434,0.000115995651109096
"_64",0.000549997565354923,0.461988028467738,0.0000474765005145192
"_256",0.103912968057448,0.456355537942238,0.00472310239768988
"_256",0.0761104551371448,0.462909806303392,0.00345023633735312
"_256",0.0749910367438999,0.45203609803976,0.00324865384711802
"_256",0.0573518940524139,0.424928086748878,0.00222730416236326
"_256",0.0377899340458689,0.410157597989267,0.00138099298911435
"_256",0.0218787620019853,0.397964383170369,0.000773843814736272
"_256",0.0100514843036781,0.385702423934672,0.000331575480223074
"_256",0.0052529729086898,0.37509657448711,0.000170533499701988
"_256",0.00270341706663916,0.372204820110473,0.0000855189551847893
"_256",0.00108175755436416,0.370242549739044,0.0000362978364213188
"_512",0.113288951625868,0.449788757500392,0.00349329413772119
"_512",0.0941595990673844,0.449432289541443,0.00289941191588904
"_512",0.0928920691401408,0.438257458128643,0.00273007933685686
"_512",0.070955558452278,0.413037477481285,0.00187642548642768
"_512",0.0460575570313436,0.400202247299796,0.00115875288707987
"_512",0.0265945977179109,0.392529097512526,0.000647938134373199
"_512",0.0120330206470005,0.381759008392739,0.000278280156836368
"_512",0.00629429480500977,0.374529531667996,0.000145335016509853
"_512",0.0033735654408962,0.369135935653662,0.0000719319355317437
"_512",0.00136492390900992,0.360931304220529,0.0000297921535972105
"_1024",0.118799905095427,0.442057563475651,0.00277009799699182
"_1024",0.107257402935504,0.439612354064451,0.00249794151416016
"_1024",0.106095230804358,0.430485331327965,0.00235230090372667
"_1024",0.0821461009903947,0.402572909438607,0.0016131616760722
"_1024",0.0526528250904552,0.395469048810786,0.000998982905615432
"_1024",0.0300951623423347,0.389536291925493,0.000562070919042295
"_1024",0.0130266560570121,0.386900200078252,0.000237394928531434
"_1024",0.00668483801181208,0.378940708031986,0.000123280056177082
"_1024",0.00359006187519977,0.373837760815879,0.000062345129407879
"_1024",0.00151791718193648,0.358918388037004,0.0000257393124065726
"_4096",0.123384940581045,0.440992945948055,0.00217376606152361
"_4096",0.120021257101093,0.44085845069746,0.00211188792960102
"_4096",0.119344766978635,0.426610307438145,0.00199690781553534
"_4096",0.100602637833768,0.378593136403077,0.00136802990742198
"_4096",0.0663841138190296,0.361887782215898,0.000837906313387987
"_4096",0.0371800296166542,0.3683036698308,0.000470793988028609
"_4096",0.0148773032318715,0.380878251481267,0.000202711042014967
"_4096",0.00737759046733993,0.386566113508897,0.000102275666376162
"_4096",0.00380734638772982,0.393031642389405,0.0000524575659646211
"_4096",0.00146475652532162,0.366967947885154,0.0000208419911806798
"_16384",0.124651165144341,0.440581505659024,0.00201568793141932
"_16384",0.123798368837984,0.440515759708674,0.0020003642669332
"_16384",0.123798714549801,0.431836422029373,0.00190858315813301
"_16384",0.123797765086348,0.339582291201038,0.00131096816296976
"_16384",0.123797498294859,0.22767390030468,0.000816209024826609
"_16384",0.123797395227901,0.142227721437137,0.000455104761552646
"_16384",0.123797726923949,0.0703544085762132,0.000191806364778253
"_16384",0.123799753076848,0.0326954829290288,0.000104228661220145
"_16384",0.123803475787724,0.0171559886018936,0.0000586407903382614
"_16384",0.12382712478012,0.0078840439830609,0.0000235071386789196
"_65536",0.124918812847889,0.440671785559501,0.00197559084249283
"_65536",0.124723606878644,0.440607744257905,0.00197077418361033
"_65536",0.124723329001314,0.434603288776724,0.00190156184989507
"_65536",0.124723125351001,0.377426103296764,0.00136167201143636
"_65536",0.124722776077869,0.293638480464944,0.000912130613555865
"_65536",0.12472267144885,0.188394779163376,0.00049420332310562
"_65536",0.124722702027786,0.0850112024849148,0.000203673016652843
"_65536",0.124723516950838,0.0530955376169944,0.0000824927693038786
"_65536",0.124725747018554,0.031536327468611,0.0000620471394172249
"_65536",0.124730150578262,0.0120705320401487,0.0000192279479191318
