"benchmark","IPC","L1 miss ratio","L2 miss ratio","TLB miss ratio"
"_1.000",0.658882488677829,0.0175200712694225,0.890950186631012,0.0155267739621123
"_0.500",0.763413895696035,0.00652013034454126,0.801936182036208,0.00522236355352394
"_0.250",0.768435647916941,0.00606687879201457,0.704495506069366,0.00414541668534892
"_0.100",0.783920706878567,0.00416875488337537,0.573801931435186,0.0022642815564861
"_0.050",0.799165554055758,0.00268794801902523,0.501001796324444,0.00127722571236948
"_0.025",0.813295567620455,0.00167431472538979,0.422536704298511,0.000687318648515836
"_0.010",0.826951338514463,0.000997283804524498,0.320521006257183,0.000284811653157885
"_0.005",0.832888047475374,0.000738202278058555,0.250755613126079,0.000139477594620507
"_0.003",0.832212568653551,0.000602525149653306,0.194419208306295,0.0000738973861290857
"_0.001",0.824853004419969,0.000505320567470331,0.146581064356436,0.0000289012656998223
"_1.000",0.587744241010862,0.0248185101933791,0.881269871399421,0.0149593634013841
"_0.500",0.729386552788173,0.00936132783495733,0.803530858126383,0.00517810637494993
"_0.250",0.737260724806681,0.00869801381763644,0.673679826076356,0.00409765392586539
"_0.100",0.769602582543112,0.00587961970205905,0.520891910417279,0.00227507909155835
"_0.050",0.798339958375006,0.00373947217345914,0.446989849675044,0.00127100608573266
"_0.025",0.821764624400303,0.00228251857847913,0.384943624755871,0.000663920891540398
"_0.010",0.841939002950153,0.00121934527298175,0.305810128069557,0.000275350086064453
"_0.005",0.849339695169749,0.00086108544609669,0.25339064390936,0.000145612638421592
"_0.003",0.849818161709397,0.000655174378188468,0.207979720048496,0.0000740965246255214
"_0.001",0.844537333769108,0.000524591276933225,0.159991386735573,0.0000283216133333024
"_1.000",0.386363564342133,0.0399672346075307,0.710225992863383,0.0125853935562874
"_0.500",0.581536455004212,0.016576918379479,0.675757588068724,0.00491687608933338
"_0.250",0.62379506715406,0.0153742123490129,0.603899741935205,0.00390002294819867
"_0.100",0.718636864301131,0.0104602998376589,0.513604259620523,0.00214408200390761
"_0.050",0.785184264310199,0.00655482515438764,0.468338311342095,0.0012099395490828
"_0.025",0.83055024195714,0.0038247903526904,0.433017928286853,0.000630085073458567
"_0.010",0.863817894750916,0.00185907043766125,0.378490497076023,0.000260170421570099
"_0.005",0.875423631608004,0.0011597240098268,0.318977159297751,0.000129656900174766
"_0.003",0.879161558050968,0.000787190634646908,0.263039867109635,0.0000669621731227701
"_0.001",0.876372804022001,0.000570469823370686,0.199271722752386,0.0000318973364205168
"_1.000",0.539449636132543,0.0722251864758955,0.534866844333115,0.00860387626406433
"_0.500",0.639323010828793,0.0379436555377905,0.520980374533947,0.00432489244653944
"_0.250",0.695564408411963,0.0351268247204709,0.477063140468047,0.00341138888244497
"_0.100",0.821615790335173,0.0233490014885327,0.419825593034509,0.00187813457333271
"_0.050",0.911652605059514,0.0144411551008616,0.390755352425851,0.00107262413047683
"_0.025",0.975925382718657,0.00830879698277763,0.368261273755277,0.000561862914814982
"_0.010",1.02252314862089,0.00384467997035307,0.345244224532781,0.000232590480838688
"_0.005",1.03835917370262,0.00210485534328339,0.322499106052946,0.00011978024521127
"_0.003",1.04856784447022,0.00120759355084135,0.296267298658428,0.000059635597030009
"_0.001",1.05850074260622,0.00069468428484599,0.257405710795541,0.0000224840777713192
"_1.000",0.713717144967495,0.103888249963963,0.458079333143146,0.00457956756640111
"_0.500",0.743422501732332,0.0760297108863061,0.450181732278043,0.00322496041790509
"_0.250",0.816499527365963,0.0703541274989898,0.413798440304174,0.00255851277380561
"_0.100",0.996011068162442,0.0459215557751286,0.373140146235155,0.0013932818568542
"_0.050",1.12530200653391,0.0280339195301855,0.352896744837585,0.000791045880234153
"_0.025",1.22642210160907,0.0156588858252449,0.341441060287677,0.00042274043792021
"_0.010",1.30044590625028,0.00717018137969641,0.321197841453219,0.000175525457598875
"_0.005",1.33138838790197,0.00377148551964715,0.312677395921485,0.0000859111562685483
"_0.003",1.34956822508523,0.00204829196232886,0.296253441605967,0.0000445311846673613
"_0.001",1.36959065893126,0.00090332439783842,0.273513036071986,0.0000184971306889956
"_1.000",0.776546293600346,0.113227603524358,0.44550193933678,0.00338643649135516
"_0.500",0.791016392437403,0.0939637120315969,0.438125297537007,0.00270700653048537
"_0.250",0.874696362891858,0.0871283402309362,0.397573152231463,0.00214040664486569
"_0.100",1.07453704740362,0.0560738071713496,0.365375397581989,0.00117962867524648
"_0.050",1.22680401367056,0.0337882653914533,0.351479237952797,0.000662560240526105
"_0.025",1.34506040444617,0.0187561057351813,0.340650273076658,0.000349769020409846
"_0.010",1.43212997377825,0.00839165359733153,0.324847455568471,0.000146750759835202
"_0.005",1.46834376802133,0.00443176174861149,0.312912029452294,0.0000758169954418381
"_0.003",1.48822997451199,0.00236717665901568,0.303705142959631,0.0000368319848905474
"_0.001",1.50951262663901,0.00101449284139549,0.297639934857523,0.0000158494372528446
"_1.000",0.815072166189303,0.118703355440384,0.437744864365403,0.00268732192905232
"_0.500",0.826162625830635,0.107001056371243,0.430950939383687,0.00233010461251078
"_0.250",0.911265754469523,0.100031853182446,0.394761821622131,0.00184634439028011
"_0.100",1.12648318747879,0.0642000924096515,0.361160536251384,0.00101205904471749
"_0.050",1.29475843419951,0.0382491003128594,0.347954164071596,0.000566205072293689
"_0.025",1.42364991786415,0.0208826903564998,0.341489649293194,0.000303996134061868
"_0.010",1.52769282342481,0.00877956942750876,0.333770723574073,0.00012476809052731
"_0.005",1.56814116673504,0.00453383778941315,0.326256757116608,0.0000648879969633331
"_0.003",1.58833819426781,0.00254857664750547,0.319104305845192,0.0000311319991602766
"_0.001",1.60873662623772,0.0010814928138663,0.295952508921524,0.0000130691315738739
"_1.000",0.845384061694859,0.123271398231343,0.437221605005231,0.002109414731924
"_0.500",0.855469503517809,0.119639287139879,0.431780808279195,0.00197910347326599
"_0.250",0.943067277527956,0.114640854772581,0.389408946256145,0.00156955245888015
"_0.100",1.17169519876384,0.0793013016760303,0.33823587117516,0.000856589645912255
"_0.050",1.35987316246807,0.0457952970463746,0.332408494356794,0.00047765939936454
"_0.025",1.49951172893977,0.0241719923151836,0.341717887199102,0.000256954344877436
"_0.010",1.61806117594598,0.00945426357693704,0.349556647812878,0.00010552067165153
"_0.005",1.66216293511795,0.00476463124857712,0.343531074167709,0.0000520141201728951
"_0.003",1.68383038308641,0.00254791055979685,0.343024230873945,0.0000255768456868432
"_0.001",1.700281375188,0.00101358406579932,0.336148698708488,0.0000106453376537393
"_1.000",0.853770154078229,0.124651046257183,0.436901055438585,0.00195590603243634
"_0.500",0.862392906370203,0.123798072903913,0.431688880426272,0.00187808758571407
"_0.250",0.952218795378001,0.123797945392909,0.382588146162721,0.00150128185404142
"_0.100",1.18356472434452,0.123796756498027,0.247493112197051,0.000840671459898451
"_0.050",1.36389747416047,0.123796993133943,0.151900311917167,0.000464845192720535
"_0.025",1.49847963442458,0.123797269952327,0.0870766643438913,0.000242317453784683
"_0.010",1.59799634459018,0.123797840677301,0.0410346681507331,0.0000975237072466922
"_0.005",1.63568345641588,0.123799720499969,0.0169472017905141,0.0000562299433245386
"_0.003",1.66041380541878,0.123803425161713,0.009890167384459,0.0000310567037447011
"_0.001",1.66823309311279,0.123827037538838,0.00381692394473137,0.0000123496025310442
"_1.000",0.855615146340796,0.12491863204472,0.43779036653157,0.00191889847251213
"_0.500",0.861192026086435,0.124723376578568,0.434998234814895,0.00183759588370638
"_0.250",0.908814571628265,0.124722997095992,0.397518597994102,0.00153449645231392
"_0.100",1.10582129078214,0.124722713193907,0.289954934834718,0.000848467887085949
"_0.050",1.30569290552821,0.124722469953504,0.195734005829282,0.000529295165559013
"_0.025",1.44840097121737,0.124722484220318,0.112407925347529,0.000266289965756296
"_0.010",1.58264740488333,0.124722788614311,0.0443755964412832,0.0000938007199296029
"_0.005",1.63607180848019,0.124723479020387,0.0209509226536762,0.0000508598984086713
"_0.003",1.65514969191421,0.124725296651951,0.0130157506242081,0.0000154577367839982
"_0.001",1.67628308982759,0.124731046174971,0.00729263197304638,0.0000137812533472386
"_1.000",0.609579305396575,0.0171123291226868,0.917899941064763,0.0157658193433182
"_0.500",0.742304544914061,0.00610208145017227,0.886285485805678,0.0053840940074002
"_0.250",0.748973358646239,0.00580378877133995,0.79372148140651,0.00446927561249789
"_0.100",0.768185413860864,0.00403810236257287,0.675942691181296,0.00254589927136983
"_0.050",0.786005528479593,0.00250146128572275,0.625959305757802,0.00146192555819737
"_0.025",0.802760041606672,0.00138521668054065,0.603569553805774,0.000784352367150933
"_0.010",0.818606822434618,0.000610121189972573,0.613604430118192,0.000324403740166927
"_0.005",0.825762220352632,0.000311662186348389,0.666565579984837,0.000161664605902402
"_0.003",0.825343345073327,0.000164092084709789,0.701588271227856,0.0000835996644373587
"_0.001",0.819022918662252,0.0000746071746614166,0.751381215469613,0.000034870199320568
"_1.000",0.536931401730781,0.0245015450099276,0.871914803246676,0.015174917267362
"_0.500",0.704971220487032,0.00895198913679678,0.842887354732443,0.00534129431361179
"_0.250",0.71537089533609,0.00848245230193735,0.737873940295225,0.0044127726640825
"_0.100",0.750882525831962,0.00585623986712347,0.588772472231765,0.00255431996386657
"_0.050",0.782745793084685,0.0036575383767524,0.522028308672989,0.00144215994604318
"_0.025",0.809458078164627,0.00209831533484014,0.481501622006788,0.000765312371675348
"_0.010",0.833311294070398,0.000888457957086977,0.457170640960595,0.000317921937891793
"_0.005",0.841970681112606,0.000469379840963806,0.487047859737798,0.000168548713265423
"_0.003",0.842941901246708,0.000237351867350776,0.504657886283328,0.0000860230704850624
"_0.001",0.83824252741731,0.000108917974899142,0.538804307463795,0.0000339382095700226
"_1.000",0.352036157894542,0.0396920966846224,0.722288217070826,0.0127911507410596
"_0.500",0.552756384274245,0.0162330559829657,0.704775717829066,0.00507283842744482
"_0.250",0.595684855943301,0.0153228571263944,0.642691813871338,0.00420060522206601
"_0.100",0.692804181691837,0.0106551895854525,0.557851266167766,0.00240587963215367
"_0.050",0.765087132644751,0.00668006510996968,0.519012944983819,0.00137890983056528
"_0.025",0.816052101487673,0.00378784336690121,0.495955201692705,0.000726994517567784
"_0.010",0.854456091602313,0.0016470054626909,0.479303435928042,0.000304788432357034
"_0.005",0.86772355426411,0.000856414470249384,0.476629610914603,0.000153328295317529
"_0.003",0.872303293496393,0.000423593990482793,0.484545093365117,0.0000803157036815305
"_0.001",0.870747868332193,0.000195267341838515,0.512851649463671,0.0000341016027108979
"_1.000",0.513148142790409,0.0721080589390464,0.539310972819189,0.00872755903481312
"_0.500",0.616659372415076,0.0377064294283349,0.53174613004922,0.004455199638497
"_0.250",0.66792795689063,0.0354957771974961,0.494767687110974,0.00367587860438771
"_0.100",0.79344242236964,0.0242586209351699,0.440071418858599,0.00210959968586813
"_0.050",0.888874421414405,0.0151362352575567,0.4135080002653,0.00122685941834133
"_0.025",0.959130392020111,0.00863023785441083,0.394674149282835,0.000649149880082954
"_0.010",1.0076229911794,0.00402018209841814,0.38185037741702,0.000271449434318768
"_0.005",1.03139157406858,0.00200248566138532,0.37306252652972,0.00013942022618407
"_0.003",1.04215763385886,0.00101205799909461,0.376147486940204,0.0000693793444630608
"_0.001",1.05278519696085,0.000456285225803515,0.4051385822909,0.0000264219437006235
"_1.000",0.701779137398732,0.103872252813852,0.460730459508655,0.00463773761460582
"_0.500",0.727783458240921,0.0759711170721138,0.456478534492119,0.00332152534162631
"_0.250",0.788859989612886,0.0715737740378292,0.426088379267158,0.00274968016683615
"_0.100",0.961149899996777,0.0481631016459391,0.388612193912698,0.00156535351960057
"_0.050",1.09867413729588,0.0297714805570891,0.369311321156964,0.000902777101642388
"_0.025",1.20612741844068,0.0166161587990378,0.357624179867476,0.000487288893418635
"_0.010",1.28911401053491,0.00753480009175029,0.342643836333585,0.000201448709936008
"_0.005",1.32313259219029,0.00390811919559106,0.334871679020049,0.000101305108834947
"_0.003",1.34327321071184,0.00203581513274792,0.327501840980572,0.0000546891040491357
"_0.001",1.36521686164266,0.000819413448518898,0.319753543651729,0.000020957495042076
"_1.000",0.766320254514229,0.113242034873657,0.447846537924715,0.00344049789498549
"_0.500",0.778719672920912,0.093997888945138,0.443719608163144,0.00279320575559087
"_0.250",0.8460563555879,0.0888001105371658,0.413986759130717,0.00230913174021681
"_0.100",1.03704892080619,0.0590318699690454,0.378840813773913,0.00132552568913802
"_0.050",1.19501446618857,0.0359851297875719,0.364870953973242,0.000758568447945606
"_0.025",1.32211039849324,0.0200886461657795,0.355762157667096,0.000403114244689424
"_0.010",1.41922565327862,0.00892839193995603,0.342862190119143,0.000171668040010987
"_0.005",1.45992929825701,0.00467420883170807,0.334902197766015,0.0000868533693568389
"_0.003",1.48366443592386,0.00245916459757442,0.327159726979417,0.0000436179039795975
"_0.001",1.50628171873444,0.00100110217623109,0.324079364254921,0.0000189674921924029
"_1.000",0.80669247485111,0.118742154929495,0.440233968409589,0.00272771836792508
"_0.500",0.812737036700579,0.107093301883548,0.434224633067503,0.00240387998581926
"_0.250",0.881169257157527,0.101771411030197,0.405802706468917,0.00199019620739658
"_0.100",1.08605712549905,0.0678011559192586,0.372915443017154,0.0011389700452381
"_0.050",1.25925274507771,0.0408554919936189,0.361937867944987,0.000649739019688375
"_0.025",1.39970713871549,0.0225266776525037,0.35513432877329,0.000353409939389223
"_0.010",1.51656977453718,0.00948727327166406,0.347593312871645,0.000145830592790635
"_0.005",1.5608162015151,0.00485081344614783,0.342260437685525,0.0000758913949617504
"_0.003",1.58364707906678,0.00268459414371656,0.336001296794248,0.000036875563922013
"_0.001",1.60604524488371,0.00110953479800501,0.317537178008812,0.0000155009625011093
"_1.000",0.838157877877693,0.123310778801738,0.439306281659734,0.00214220932800033
"_0.500",0.842594904161985,0.11979093306145,0.436132828464974,0.00203700658115246
"_0.250",0.914489480128859,0.116257777629528,0.401164013044245,0.0016986618422244
"_0.100",1.13133076264099,0.0841849464226721,0.348928012626147,0.000963740342671203
"_0.050",1.32303400116848,0.0499473351835348,0.340699113386388,0.000551614758237523
"_0.025",1.47235196091085,0.0264243070425146,0.34867620587902,0.000293627214183595
"_0.010",1.60394023552601,0.0103738032352391,0.359372404048554,0.000122334191170054
"_0.005",1.65471965061469,0.00517766197941628,0.354052257514962,0.0000604088104593483
"_0.003",1.6793262277365,0.00273806857264042,0.35738788054893,0.0000297623370263959
"_0.001",1.69918558034274,0.00109056047128022,0.365568996171424,0.0000122574100655957
"_1.000",0.847054299298645,0.1246510570936,0.438834549451205,0.00199018826967392
"_0.500",0.850521204202706,0.123798087702662,0.435683405856567,0.00193656918788266
"_0.250",0.916910669852588,0.123797875016317,0.39825855268701,0.00160979559090854
"_0.100",1.13924716626514,0.123796845612867,0.267653416860836,0.000930853699952252
"_0.050",1.32677432598064,0.123796837098314,0.167427604269202,0.000528988601060899
"_0.025",1.47476458791861,0.123797134342838,0.0984668928461521,0.000285634038070208
"_0.010",1.58876069413958,0.12379772619235,0.0463063067831113,0.000114029151695392
"_0.005",1.63014969587992,0.123799694859548,0.0201396220581643,0.000063337993724677
"_0.003",1.65786601027937,0.123803523803668,0.0108121617260217,0.00003464085913515
"_0.001",1.66680392918255,0.12382799451156,0.0043848111415992,0.0000142192902545041
"_1.000",0.843631447679247,0.124918712165654,0.43981370151489,0.0019527267620635
"_0.500",0.850862544141013,0.124723424347095,0.437557963196015,0.00189533560756431
"_0.250",0.894076903116969,0.124723036047265,0.409085314116615,0.00164612294556665
"_0.100",1.05875417201804,0.124722912244784,0.3127317598781,0.000963699299537094
"_0.050",1.25595732258462,0.124722543485877,0.219864256934941,0.000615064321878423
"_0.025",1.41056420207214,0.12472240450645,0.127234694579215,0.000302971342706227
"_0.010",1.55793970029353,0.124722786572833,0.0551917737794603,0.000115776838552968
"_0.005",1.622924971548,0.124723490881285,0.0262050721809219,0.0000608278564055917
"_0.003",1.64804101414989,0.124725106779292,0.0176104885087917,0.0000262037724302909
"_0.001",1.67568321276415,0.124731276913214,0.00759971547849677,0.0000144470013398535
"_1.000",0.516673022125731,0.0171195295683562,0.919689245753188,0.0158846408730282
"_0.500",0.706282806876023,0.00611427739105531,0.893307190167619,0.00548017939373421
"_0.250",0.723784479006072,0.00587485565716141,0.820353857277011,0.00471735676431072
"_0.100",0.751932563521496,0.00421334502058017,0.705455604075691,0.00281751051207408
"_0.050",0.772501918316524,0.00264617343002053,0.656804733727811,0.00163337475593767
"_0.025",0.792228389969434,0.00148462063955449,0.63233454066513,0.000885505327750188
"_0.010",0.810158942063244,0.000650555507260517,0.63351226993865,0.000373813447498211
"_0.005",0.818733453599505,0.000333112357971225,0.661419618131468,0.00018767725518568
"_0.003",0.81912822677759,0.000175374949669116,0.703311995546897,0.0000960985659508968
"_0.001",0.815218026941862,0.0000917239966734496,0.820276497695853,0.0000391884252745975
"_1.000",0.477263812317034,0.0245836780372722,0.830597878306567,0.0152957852041089
"_0.500",0.676176476395803,0.00899506676708674,0.820906386325555,0.00544035105721814
"_0.250",0.692682234176796,0.00861333777428784,0.749945418450087,0.00466576169308809
"_0.100",0.732876381240264,0.00611998369334187,0.61708013625572,0.00280466773247397
"_0.050",0.767331331896236,0.00388361435455755,0.549285287300871,0.00161668786357442
"_0.025",0.79775449982186,0.00222326420331104,0.508508597413671,0.000863992125876738
"_0.010",0.82416289330021,0.000954330099731127,0.48435129740519,0.000365608654645852
"_0.005",0.834226342682901,0.000490790784290453,0.479291739493883,0.000191764332095727
"_0.003",0.836605646295631,0.000256602852882179,0.505454009433962,0.0000960319678240986
"_0.001",0.834604593352507,0.00011516032374557,0.543963712491277,0.0000386334762179869
"_1.000",0.331400245355778,0.0397057820460281,0.72293841107794,0.0129167315943257
"_0.500",0.53189139461071,0.0162531824369914,0.710975712599089,0.00516867843747612
"_0.250",0.572289534160165,0.0155346758689729,0.661523830810123,0.00443771361130204
"_0.100",0.669313596507721,0.0111071656362214,0.581354963373491,0.00265131403477564
"_0.050",0.74540757169512,0.00705052815308666,0.543120210171135,0.00155108910751636
"_0.025",0.801753312843042,0.00404967836763488,0.514456069299134,0.000821112122643504
"_0.010",0.844811234020841,0.00174985261211468,0.504649696587595,0.000348650765829441
"_0.005",0.860208725082781,0.000907209854573826,0.501434034416826,0.000173413245074008
"_0.003",0.866780681108039,0.000456043165441551,0.510486863027183,0.0000895232758705051
"_0.001",0.867326644954946,0.000209061514026062,0.525779145825317,0.0000411494921927124
"_1.000",0.497616612296506,0.0721175302248722,0.538848900997213,0.00879617504922811
"_0.500",0.601008363110361,0.0377444544880884,0.534676033137474,0.00453031124958381
"_0.250",0.64588514917981,0.0359968155036238,0.505179544285908,0.00388693539771955
"_0.100",0.767482900622455,0.0253433199442601,0.453634638632,0.00232361894837683
"_0.050",0.867288251071673,0.0160317416217539,0.427963941504031,0.00136720406243315
"_0.025",0.942884012274058,0.00922468921992399,0.409063212781675,0.000737217230367426
"_0.010",1.0010043213735,0.00414151301977919,0.391521544311769,0.000309023687796953
"_0.005",1.02336434970285,0.00216367839422643,0.383304513743963,0.000158575778078484
"_0.003",1.03620872897213,0.00109129209813995,0.392448187754329,0.0000793918366999426
"_0.001",1.04983062568465,0.000471574287767649,0.408058771148709,0.0000329519628938782
"_1.000",0.696998761157931,0.10389171566044,0.461748644087849,0.0046916582777922
"_0.500",0.719247468821308,0.0760435578539205,0.459573791040693,0.00337725467948209
"_0.250",0.769559958064393,0.0725992459926077,0.43440729934604,0.00291090912095278
"_0.100",0.931892204288521,0.0503314729741413,0.398950320047561,0.00173086211413338
"_0.050",1.07249682162701,0.031583791228587,0.380474721001015,0.00101141550464865
"_0.025",1.18690180901911,0.017748395885484,0.368174802274456,0.0005458639050233
"_0.010",1.27729431125774,0.00807795574201361,0.35559475022047,0.000231476951913124
"_0.005",1.31524835949855,0.00419621165921895,0.342953953141381,0.000116302623046273
"_0.003",1.33766580066333,0.00220392501413862,0.340653589826041,0.0000589469869079658
"_0.001",1.36225645064236,0.000898158950510351,0.326047246995257,0.0000247927798339425
"_1.000",0.763168499368955,0.113261836770233,0.449015665032942,0.0034666792009111
"_0.500",0.771832385168138,0.0940816392192407,0.446712526551342,0.00284297465131525
"_0.250",0.824085763332945,0.0901655082222597,0.421930341602581,0.00244020018466359
"_0.100",1.007153687996,0.0618495268249528,0.38882897220832,0.00145573993601498
"_0.050",1.16695069119388,0.0381532812794567,0.374209582077482,0.000849936710644331
"_0.025",1.30126472351454,0.0214876220144578,0.365289351466814,0.000455377673193524
"_0.010",1.40701499130476,0.00958316527308071,0.355655023665773,0.000195197763219536
"_0.005",1.45247314012702,0.00502229881131603,0.34603595601206,0.0000994212475566369
"_0.003",1.47913420883735,0.00264131716501566,0.337544795235818,0.0000494425918653363
"_0.001",1.50379560368818,0.00107978783857651,0.33035395356389,0.0000211970714280744
"_1.000",0.804967890488651,0.118777634443309,0.441229984267623,0.00274911167736861
"_0.500",0.807375331478604,0.107163836964525,0.439051214450507,0.00244828292860224
"_0.250",0.862884633186483,0.103169857296305,0.413121254237411,0.00210347219151267
"_0.100",1.05570391324867,0.0712141600164538,0.381218622915136,0.00125315891297581
"_0.050",1.2301045595556,0.0434624167506538,0.371019983742003,0.000728114685597693
"_0.025",1.37780132757672,0.0240924755502828,0.364858323498234,0.000396417661438268
"_0.010",1.50428663723006,0.0102164448098815,0.354554387353358,0.000165077628646744
"_0.005",1.5539145447149,0.00524240676691303,0.353139199586448,0.0000844210793707853
"_0.003",1.57915415702545,0.00286987835620023,0.343976765280491,0.000041293001564024
"_0.001",1.60386924490392,0.00119984924046126,0.327677381568784,0.000017955308195621
"_1.000",0.836839028701235,0.123337854776918,0.440105384544726,0.00215924595322662
"_0.500",0.838450847310413,0.119894721749794,0.438339113225696,0.00207429619294628
"_0.250",0.896286427798655,0.117324834486743,0.409466384412512,0.00178923042428749
"_0.100",1.10062452090231,0.0882487256236614,0.356749648634056,0.00106314743413066
"_0.050",1.28620537031389,0.053738448040939,0.346899372517743,0.000614821425801856
"_0.025",1.44954459709234,0.0287707057050416,0.354277517058013,0.000331116746485609
"_0.010",1.59142911019465,0.0113442481852063,0.365273880428715,0.000138410208832765
"_0.005",1.648020300013,0.00565907821337717,0.361370947052671,0.0000674505439002442
"_0.003",1.67601011230124,0.00290951618419,0.367990742235858,0.0000352100918500919
"_0.001",1.69773770805799,0.0011382249026636,0.372640665977907,0.0000138779538830108
"_1.000",0.841234085155557,0.124652054516485,0.439840565908246,0.0020047645897903
"_0.500",0.847268485093736,0.123799237606279,0.438089001772999,0.00195889151312351
"_0.250",0.899358944856997,0.123799199355772,0.410267375583229,0.00170072741587977
"_0.100",1.10913969551169,0.123798159821263,0.285205395995818,0.00102748703152811
"_0.050",1.29882153097595,0.123798056672565,0.182195227458315,0.00059321892277648
"_0.025",1.45633250917857,0.12379849705205,0.108540120686845,0.000321037854454682
"_0.010",1.57753410446673,0.123798764327924,0.0522349145707982,0.000126701960069119
"_0.005",1.62579459294188,0.12380071943351,0.0224992222413308,0.0000697344503043695
"_0.003",1.65405876480618,0.123804405994542,0.0126566185941657,0.0000400856445444098
"_0.001",1.66568934840263,0.12382812786429,0.00477667393765054,0.0000169978699919372
"_1.000",0.849387947974444,0.124919730871836,0.440520025011101,0.00195864207490619
"_0.500",0.850294888216778,0.124724545893053,0.438833257996884,0.00194033496564596
"_0.250",0.876268247488276,0.124724126420106,0.416822643025149,0.00172711114778979
"_0.100",1.03038422223309,0.124723840498379,0.328629302671672,0.00104904495230759
"_0.050",1.22058269887115,0.124723463286332,0.234144309662412,0.00067338458805775
"_0.025",1.38752824956749,0.124723476282844,0.138051800574739,0.000350667250737459
"_0.010",1.54005901332581,0.124723722107818,0.0599432725131946,0.000127629583968708
"_0.005",1.61898624411233,0.124724474224087,0.0297605541532203,0.0000686690954126606
"_0.003",1.64476995802786,0.12472625947356,0.0203719954612623,0.0000318232317943428
"_0.001",1.67459917710885,0.124731850355339,0.00871691526778709,0.0000157524664000627
"_1.000",0.438808098775357,0.0171372879058456,0.917621024406791,0.0159710982016186
"_0.500",0.676303741095148,0.00610399231006114,0.898502575189165,0.00554129105271047
"_0.250",0.704433490900244,0.00586554011547104,0.848002719418973,0.00491789917246051
"_0.100",0.741906482415379,0.00423407302822287,0.754049252847539,0.00303673492371664
"_0.050",0.76771969135812,0.00265597653789764,0.716455227335864,0.00179534503895214
"_0.025",0.789581841794579,0.00147483789507883,0.701215484211917,0.000984308219017932
"_0.010",0.809967065324319,0.000645976070679617,0.702637889688249,0.000416687300030706
"_0.005",0.819241629575169,0.000328343551830401,0.740134028294862,0.000208556498058716
"_0.003",0.82094868764595,0.000172464894316907,0.778674351585014,0.000109073192601453
"_0.001",0.817731497106784,0.0000794303972453157,0.828571428571429,0.0000452095943891532
"_1.000",0.434068223690332,0.024568842676503,0.8086110081806,0.0153661080037456
"_0.500",0.656660077315209,0.00898573716791388,0.804140421720152,0.00549064920697399
"_0.250",0.677839667870333,0.00862027148120841,0.764732944288593,0.00486219465141644
"_0.100",0.721351138836892,0.00620813077613908,0.648806555521113,0.00304022800765932
"_0.050",0.759341685952234,0.00393061278815976,0.589928650117887,0.00177860930714997
"_0.025",0.793366449225095,0.00222367467396458,0.550705336020328,0.000960771165690006
"_0.010",0.823715088640468,0.000937266203937273,0.530487561394402,0.000407336531342302
"_0.005",0.835186666655355,0.000491854117143893,0.555317102049878,0.00021336115389741
"_0.003",0.838281076182361,0.000249471541052335,0.557897862232779,0.000106417251415633
"_0.001",0.836929320292844,0.00011550987222072,0.599373477201531,0.0000431743435254718
"_1.000",0.320084170666964,0.0396880788258416,0.720077576457158,0.0129681387861128
"_0.500",0.521342242411677,0.0162532505399107,0.712579453503115,0.00522357799912697
"_0.250",0.558205649602822,0.015638750638968,0.676290580095796,0.00462847323391221
"_0.100",0.654403590335379,0.011402419671871,0.606274314638247,0.00287130908972875
"_0.050",0.734144012341936,0.0072902749947788,0.570558956077218,0.00170811303363411
"_0.025",0.795142972962782,0.00414060558971139,0.551007252215955,0.000909559066002322
"_0.010",0.843460542274318,0.00176830479742728,0.542460224155498,0.000388361783067336
"_0.005",0.860869710957343,0.000907551569529431,0.546556299259377,0.000196509597167983
"_0.003",0.867744742323292,0.00044895755769988,0.556451612903226,0.000101978149584504
"_0.001",0.869546660966887,0.000203062207545777,0.558538404175988,0.0000421128558260167
"_1.000",0.489942756660728,0.0721324678146114,0.537805472536952,0.00883262488819451
"_0.500",0.593653413361284,0.0377625019606436,0.535966545090877,0.00457365334895289
"_0.250",0.631985447932081,0.0363566040474956,0.512772495203489,0.0040487331547936
"_0.100",0.750496253174615,0.0262380625662496,0.466109559447988,0.00251789378740802
"_0.050",0.852544630859041,0.0167752108257716,0.441434022148255,0.00150373654703979
"_0.025",0.933978421894551,0.00970126576691613,0.423441598763164,0.000813907451202212
"_0.010",0.997962714540382,0.0042864881346586,0.411048904421401,0.000344351366517833
"_0.005",1.02325937364509,0.00220734160050775,0.40939150401837,0.000177826848381124
"_0.003",1.03678884567389,0.00110043099243601,0.423357995551723,0.0000885249505553767
"_0.001",1.05161064230959,0.000471244119861209,0.443771530170019,0.0000341315647236198
"_1.000",0.692763972134901,0.103907351835078,0.462321247511002,0.0047125906875256
"_0.500",0.714990394787655,0.0760818374896926,0.46101945430288,0.00342805365739565
"_0.250",0.756247211990148,0.0733985573058515,0.440927796458487,0.00303091748161109
"_0.100",0.909196636663756,0.0522389912118199,0.407808285547641,0.00187632440215024
"_0.050",1.05119083716863,0.0332150117910972,0.390929992436634,0.00111291030424657
"_0.025",1.17269198131081,0.0188153787790425,0.378190284570186,0.000612579729920765
"_0.010",1.27088157817358,0.0085670242597803,0.36664421457782,0.000258687784550461
"_0.005",1.31267959216884,0.00443967789891606,0.356674574078068,0.000130806725150089
"_0.003",1.3369979903798,0.00231363964936215,0.353124683721401,0.0000669714215900877
"_0.001",1.36234616497777,0.00090079334531739,0.354342585883084,0.0000280318817849406
"_1.000",0.760441709971459,0.113283269617516,0.449291757199661,0.00348233614214916
"_0.500",0.768132252421686,0.094115327903895,0.448078331184126,0.00287322916246301
"_0.250",0.81279458511784,0.0911181023395015,0.427658014996288,0.00254087075352243
"_0.100",0.982527235290904,0.0643061641417008,0.397151192199737,0.00157765051088699
"_0.050",1.14294216639233,0.040236936679119,0.383983964642979,0.000931936448710613
"_0.025",1.28344342693651,0.0227882861953418,0.374008971491809,0.000505101182258503
"_0.010",1.39547368926121,0.0101984121321647,0.364300810512661,0.000216811002844928
"_0.005",1.44813459637185,0.00533719061302729,0.355614167544191,0.000112268779973014
"_0.003",1.47682330402894,0.00282958734129427,0.339032311638464,0.0000546640717674989
"_0.001",1.50436321391945,0.00110985174143508,0.343953456157362,0.0000236840531842295
"_1.000",0.802298818992827,0.118793395195816,0.441592745827417,0.00276101493549054
"_0.500",0.803894413377191,0.107220759396308,0.440375015293803,0.00247317934748646
"_0.250",0.844695496806648,0.104304013841536,0.419175137785534,0.00218775644042834
"_0.100",1.02840305689138,0.0741711749662255,0.388539448701363,0.00135727111843107
"_0.050",1.20304100183085,0.0458278340445838,0.37912051180781,0.000803565303932162
"_0.025",1.35779769762618,0.0256827756388153,0.372455548663202,0.000443151596516474
"_0.010",1.49441281042855,0.0109311099541576,0.367283130951341,0.000182943252668823
"_0.005",1.54891305021719,0.00557435811043273,0.361083365315831,0.0000942021697236364
"_0.003",1.57588022114494,0.0030467826876327,0.354952763248591,0.0000472506594021973
"_0.001",1.60301279708727,0.00127647555609038,0.339355984447243,0.0000202172817427826
"_1.000",0.832814732435589,0.123368493126738,0.438155916552631,0.00216604137150031
"_0.500",0.834194098300744,0.119967025347069,0.439886893035337,0.00209354943106421
"_0.250",0.880069052746159,0.118131855930162,0.416280439216681,0.00185987621917113
"_0.100",1.07084759001565,0.0919107445174222,0.364416793036708,0.00115020559459045
"_0.050",1.25745957261531,0.0570897311383795,0.352308242454905,0.00067852600005058
"_0.025",1.42709510433509,0.0310606686176696,0.357657065897801,0.000368811536831397
"_0.010",1.5790364163169,0.0124016951507342,0.372529690015889,0.000156146201801973
"_0.005",1.64197605508872,0.00615161623143045,0.369328062099728,0.0000765263138420524
"_0.003",1.67285661184283,0.00313232947941742,0.375746297588586,0.0000397521234626051
"_0.001",1.69694498225529,0.00123321606874937,0.38208851040067,0.0000152907557143549
"_1.000",0.838893445995033,0.124652109485938,0.440104470313185,0.00201116387743878
"_0.500",0.843751224082507,0.123799254269778,0.439165198587453,0.00198555635996922
"_0.250",0.882421737441843,0.123799357453157,0.415772826043476,0.00177706312041501
"_0.100",1.08115599394722,0.123798438690535,0.301567799154744,0.00110901083867704
"_0.050",1.27296303240119,0.123798141106391,0.195916761862512,0.000656076970277588
"_0.025",1.4385533664117,0.123798477780545,0.117332694663301,0.000357324163162098
"_0.010",1.56751555607471,0.123798663642077,0.0571757449583843,0.000143104527628331
"_0.005",1.62083246844225,0.123800690361703,0.0256107236721573,0.0000807952537148454
"_0.003",1.65200478645639,0.123804366065462,0.0139331968814884,0.0000438669562205891
"_0.001",1.66485407393516,0.123828068635499,0.00580832839845831,0.0000187731139677671
"_1.000",0.845970686744841,0.124919688633748,0.440360292589986,0.00196745904905193
"_0.500",0.846568774981773,0.124724585865149,0.439423200344116,0.00195876659422574
"_0.250",0.865884624318798,0.124724273350284,0.422951113833168,0.00179763025313144
"_0.100",1.00989308024944,0.124723985444128,0.341215391115839,0.00113991423415153
"_0.050",1.18686836922561,0.124723511788991,0.249098591565641,0.000745503328863898
"_0.025",1.35949698271425,0.124723535912301,0.151447406143751,0.000391887366124494
"_0.010",1.53095409852167,0.124723756879807,0.063141225829742,0.000155908035318936
"_0.005",1.6097209475823,0.124724411550904,0.0326393457306019,0.0000724989329187586
"_0.003",1.64130377584505,0.124726257354842,0.0229393852114615,0.0000343649352615194
"_0.001",1.67463661332495,0.124731839645587,0.0104287779901728,0.000014792788267588
"_1.000",0.386270982796315,0.0171431290102451,0.915470110179564,0.015981861136573
"_0.500",0.650778540769393,0.00611681439479233,0.900090272718634,0.00556859122638226
"_0.250",0.683878129426264,0.00598980344008762,0.851696014528002,0.00505910292774954
"_0.100",0.729408707735688,0.00454925090908232,0.744117488837485,0.00324545685262697
"_0.050",0.759151102931124,0.00293605978777988,0.696358103136914,0.001947249470129
"_0.025",0.784135698717634,0.00166038825844464,0.677258310818748,0.00107899886232565
"_0.010",0.807058195242342,0.0007307016424198,0.677747252747253,0.000456122434563586
"_0.005",0.817700800459768,0.000369746540469694,0.702263267429761,0.000228642201590048
"_0.003",0.820186681461821,0.000192593877428797,0.738932456362256,0.000118447207916634
"_0.001",0.817112217531033,0.0000877113973885788,0.785756327251324,0.0000497767197994681
"_1.000",0.415578853461069,0.0244853426279136,0.794458133804454,0.015384698071706
"_0.500",0.642584298368653,0.00898311950704389,0.78953173661575,0.00551866458510885
"_0.250",0.657226148298118,0.0087717858638947,0.760922377080914,0.00501345187579513
"_0.100",0.708248246203069,0.00661237436636375,0.648034735784304,0.00324343905634177
"_0.050",0.749192892570348,0.00432914454924272,0.581786728342829,0.00193178404243447
"_0.025",0.786597754881488,0.0025049780240664,0.543472059336271,0.00105101975352577
"_0.010",0.820386726212671,0.00106191154439521,0.519941651545878,0.000447240422012518
"_0.005",0.833311073850073,0.000560044493634306,0.51954007254808,0.000236947488746447
"_0.003",0.836661851340422,0.000280193140130442,0.54135943155919,0.00011641554263473
"_0.001",0.836520736141698,0.000127796990089763,0.574199507389163,0.0000486516726750989
"_1.000",0.314294222192022,0.0397044340438746,0.718886155487714,0.012987378834594
"_0.500",0.513350327338425,0.0162605045078337,0.713027791444323,0.00524821713812494
"_0.250",0.544835416288707,0.015843986757872,0.683355407626632,0.00476626427212982
"_0.100",0.637913389361147,0.0119976427696141,0.612822239378653,0.00306747360128243
"_0.050",0.712127108258654,0.00790077128435813,0.571143417198581,0.00184186298996315
"_0.025",0.784768336892031,0.0046145127922396,0.542785157333498,0.00099447669531469
"_0.010",0.837610656461639,0.00200584466700574,0.528420123565755,0.0004241003617417
"_0.005",0.857467099518061,0.00103266781620502,0.531801496541014,0.00021535762022416
"_0.003",0.865919903467165,0.000509283609082401,0.543101705196468,0.000112947605857346
"_0.001",0.868670755817724,0.000224209229788592,0.558219178082192,0.0000462135222146882
"_1.000",0.473436954994335,0.0721579377849206,0.537262655825545,0.00883580873648621
"_0.500",0.588319330238617,0.0377685553542861,0.536226677205336,0.00459854272043004
"_0.250",0.620164076509594,0.0366929601787965,0.518194035867499,0.00417690104755772
"_0.100",0.732532732602506,0.0272574475572125,0.473842858366892,0.0026901790262467
"_0.050",0.836172665366427,0.0177438527755798,0.447799880907153,0.001632297233885
"_0.025",0.921902139476051,0.0104826129255944,0.426659424430321,0.000887959643239548
"_0.010",0.988001814622023,0.00476566478517993,0.404076327146051,0.000375137676071849
"_0.005",1.01873212244447,0.00251574977349824,0.397385487412552,0.0001954417746985
"_0.003",1.03429788772437,0.00125284430550554,0.401638679321814,0.0000968568391152597
"_0.001",1.05057361746338,0.000529050173403723,0.42811328202092,0.0000385185975898342
"_1.000",0.691842189610928,0.103909689314457,0.462664880015193,0.00471300582911924
"_0.500",0.706669681034648,0.0760907638325302,0.461865136164565,0.00343649928096494
"_0.250",0.736859926224332,0.0740599694267843,0.445639039630967,0.00312540369205641
"_0.100",0.886831843628736,0.0541334351962104,0.413855820183117,0.00200478556736386
"_0.050",1.02941933771299,0.0348604496291774,0.397927271828821,0.00120209988839125
"_0.025",1.15651835855984,0.0199347427712124,0.384901274222629,0.000663886149046131
"_0.010",1.26199178761029,0.00917975391903635,0.369874738228889,0.000283255678034584
"_0.005",1.30744625046411,0.00484328928755083,0.355276331034793,0.000143398029191518
"_0.003",1.33177556611244,0.00256908274768483,0.348396430634356,0.0000747473926018325
"_0.001",1.36128420486363,0.00104616921195887,0.342894050035589,0.0000301864369303822
"_1.000",0.759007499050071,0.113288245609666,0.449616485240007,0.00348752957978399
"_0.500",0.764874078204502,0.094142148793682,0.449049999905706,0.00288735792225047
"_0.250",0.800614168624356,0.0919216479468251,0.432122313628695,0.0026187918929782
"_0.100",0.959092629857843,0.0667908989832507,0.403233810321126,0.00169004557927575
"_0.050",1.11369261361511,0.042375170655465,0.389265344888767,0.00101209562034207
"_0.025",1.26492142444707,0.0241226867081546,0.379337974349017,0.000555840172339679
"_0.010",1.38876595699199,0.0108848560124832,0.370809960616143,0.000238296490988977
"_0.005",1.44275973178971,0.00566005180372488,0.361135739529843,0.000122641272713045
"_0.003",1.47402230140366,0.00308439994601065,0.350154632960513,0.0000610273080718423
"_0.001",1.50258413965317,0.00126815731902922,0.33816535640503,0.000026029342929828
"_1.000",0.797216385727779,0.118795563676426,0.441398881546717,0.00276634417727207
"_0.500",0.801010618853407,0.107242334170666,0.440748082772645,0.00248697988033962
"_0.250",0.836395452775146,0.105131134156064,0.423634883462079,0.00225753006873627
"_0.100",1.00479565936796,0.077115206372592,0.393029617298211,0.00145146874197511
"_0.050",1.17878732273273,0.0482768532788447,0.384753353712355,0.000871710774765189
"_0.025",1.33872415595478,0.0272207370149343,0.377960929957616,0.000482672305950507
"_0.010",1.48120650462016,0.0116667405586254,0.374414807237077,0.000200720780125134
"_0.005",1.54277242538152,0.00596556604610477,0.365998768327275,0.000103644305833361
"_0.003",1.57352884557659,0.00326573541882284,0.358856859816731,0.0000516604514114725
"_0.001",1.60163740107874,0.00140346039400543,0.335605599945949,0.0000221540651049946
"_1.000",0.832018003830799,0.123379317458344,0.440857093077081,0.0021715455980019
"_0.500",0.832138726108137,0.120003125723044,0.440307704243347,0.00210495680218708
"_0.250",0.863954906284844,0.118664233357526,0.421352986176843,0.00192206207076831
"_0.100",1.04190229980152,0.095292987888433,0.368842782755397,0.00123095967823544
"_0.050",1.23582096609646,0.0601918296426387,0.355617842052789,0.000737195750869781
"_0.025",1.4074829241455,0.0331037538209408,0.359823958435744,0.000404463852118477
"_0.010",1.56781750768994,0.0132807213186986,0.374602026732472,0.000171241416153475
"_0.005",1.63506458777292,0.00656284737754063,0.37293803219591,0.0000861751637664409
"_0.003",1.66771092142064,0.00337477191286928,0.379371426833719,0.0000439877133356347
"_0.001",1.6951477584724,0.00134757942704328,0.370489783781488,0.0000175676205053588
"_1.000",0.843037384448611,0.124652177708856,0.440460622326233,0.00201352006823331
"_0.500",0.842440711196423,0.12379928203302,0.440021762470406,0.00199413931873855
"_0.250",0.872052177295644,0.123799356309314,0.424487785204366,0.00182263532656379
"_0.100",1.05657535301872,0.123798604950572,0.315366941186169,0.00118727647411109
"_0.050",1.24362459049736,0.123798369107427,0.20781706605135,0.000712769540392303
"_0.025",1.42042710987049,0.12379820978294,0.12582555649525,0.000388336971164717
"_0.010",1.55952927510253,0.123798985281713,0.0613526471203823,0.000156111956735407
"_0.005",1.61450035566984,0.123800826323853,0.0277100566997099,0.0000885378220482893
"_0.003",1.64963010175038,0.123804588992632,0.0147819916255673,0.0000484029346669278
"_0.001",1.66352913386475,0.123828932597873,0.00676987813462793,0.0000209687542149233
"_1.000",0.843148251317304,0.124919758984222,0.440649027980733,0.0019831958944314
"_0.500",0.846231795902454,0.124724552248355,0.440078805158775,0.00196975546490993
"_0.250",0.862414354084366,0.124724252844166,0.428565889177331,0.00185466243692984
"_0.100",0.990690510631274,0.12472401890853,0.355481997826184,0.00122232918462306
"_0.050",1.16186693419836,0.124723591943673,0.262151182270043,0.000787924896216139
"_0.025",1.3344725270592,0.124723490300244,0.156621359891194,0.000416881006810209
"_0.010",1.51567134353642,0.124723818493768,0.068316652060068,0.000162876078942716
"_0.005",1.60660355514952,0.124724452563358,0.0353505184343176,0.000084256467280385
"_0.003",1.64061124852323,0.12472631550691,0.0256679106195421,0.0000373216442323989
"_0.001",1.67542108544355,0.124731920451003,0.0117639690279622,0.0000157697666633046
"_1.000",0.376423837782494,0.0171794571146288,0.907512613722141,0.0160024233214283
"_0.500",0.639125421835569,0.00614276131807796,0.894828492316864,0.0055846282010167
"_0.250",0.673341534116746,0.00603025096990859,0.859176378179953,0.00517337082278311
"_0.100",0.725842477217547,0.00465819034453755,0.762876670748684,0.00342650370318158
"_0.050",0.759863218966404,0.00306037732839869,0.712850987490189,0.00208937747026331
"_0.025",0.787700021729165,0.00176408575985987,0.688787059018385,0.00117165971638766
"_0.010",0.813924783694505,0.000783826985662213,0.678853503184713,0.000498266454114986
"_0.005",0.82625703688824,0.000398895735291569,0.69370125974805,0.000250602233107145
"_0.003",0.829243350941529,0.000208729387602974,0.720683287165282,0.000128760033477609
"_0.001",0.824625755309579,0.0000951889058208392,0.774336283185841,0.0000543434818154818
"_1.000",0.417207684819534,0.0245641530651143,0.784048675903873,0.0154044106235813
"_0.500",0.639705846434758,0.00900829472521499,0.778377812282291,0.00553435063698252
"_0.250",0.659138964188649,0.00881944562447259,0.761725891699631,0.00512836600304789
"_0.100",0.705228292805954,0.00677047706548524,0.665562608122834,0.00342903163832792
"_0.050",0.748496337324095,0.00447763947287017,0.601433110870337,0.00207843889330101
"_0.025",0.78874745749097,0.00261972615787732,0.560793631575761,0.00113732090790833
"_0.010",0.826815715783545,0.00113515956920392,0.527348157982078,0.000490619403486598
"_0.005",0.841553952639336,0.000598149436440763,0.526007139214686,0.000253554926263264
"_0.003",0.846275302877814,0.000307270797676349,0.540323592123417,0.000125586990585343
"_0.001",0.843780215948561,0.000137567524906112,0.587873462214411,0.0000532408032186853
"_1.000",0.31482060582285,0.0397251867861012,0.718391035551955,0.0130006919461966
"_0.500",0.511304501720899,0.0162671384597837,0.713174532137387,0.00526507913248285
"_0.250",0.538197639360095,0.0159234649887476,0.690864805304431,0.00487719140516003
"_0.100",0.628817596042433,0.0122521740541242,0.630628758199708,0.00323174227183248
"_0.050",0.713430667376336,0.00812590773026876,0.591113593618405,0.00197478785876851
"_0.025",0.784049582525311,0.00477285274920943,0.563743508087918,0.00108170089086988
"_0.010",0.842550263901597,0.00211318768306234,0.546722360708752,0.000468778781787974
"_0.005",0.864367896327669,0.00110950157639723,0.54075282058109,0.000235018688709633
"_0.003",0.874111118406051,0.0005530458500698,0.544717506967317,0.000122732957142548
"_0.001",0.875128044307163,0.000240368029137282,0.557400606737985,0.0000513233152983664
"_1.000",0.486933004436665,0.072153239694063,0.537014263126284,0.00886195303747184
"_0.500",0.586956015419825,0.037777009432559,0.536240192979305,0.00461354405960623
"_0.250",0.613479355507865,0.0369288491066379,0.522329687871871,0.00426671552671761
"_0.100",0.720944216212194,0.0280063655885561,0.482313412146366,0.00283933300269481
"_0.050",0.827181124432066,0.0184181049909329,0.45764891391794,0.00174919618345329
"_0.025",0.918146941157801,0.0108998750787948,0.437487390776101,0.000968310820769082
"_0.010",0.994117584022649,0.0049532738347819,0.419115173819275,0.000411226423251419
"_0.005",1.02495976125331,0.00263668324203819,0.408938816836218,0.000214804260208206
"_0.003",1.0422427565601,0.00132968848176864,0.407225835988021,0.000107153716754923
"_0.001",1.05667689116806,0.000567864278152205,0.43118204950266,0.0000442319313113492
"_1.000",0.691087883511506,0.103911465201586,0.462738001671332,0.00471963251016766
"_0.500",0.710211239929225,0.0761019981189728,0.462372605049511,0.00345176340868152
"_0.250",0.735438974806585,0.0746264433424455,0.449100786654043,0.00319118212072486
"_0.100",0.870387608505552,0.0558213307624146,0.41977786460842,0.00212091858037239
"_0.050",1.01384016532018,0.0363722106191445,0.403823353434978,0.00128569860186018
"_0.025",1.14715120760647,0.0209035315794532,0.392415355383472,0.00072246755763611
"_0.010",1.25945948471016,0.00960968790262664,0.377434628517702,0.000309531302324174
"_0.005",1.30906580578298,0.00505119054564706,0.365780963831653,0.000158145948489582
"_0.003",1.33818251722992,0.0026426012124124,0.358248762981613,0.0000812227813836408
"_0.001",1.36565815377643,0.0011002911237345,0.348172173460924,0.0000338573199628295
"_1.000",0.755049751617592,0.11328799584459,0.449747454808797,0.00349198372202459
"_0.500",0.760914221824877,0.0941488250215831,0.449376124440577,0.00289560070444202
"_0.250",0.791038423350048,0.0924764365878931,0.435315373844624,0.00268075365787062
"_0.100",0.940061402151109,0.0689048437541429,0.40851282912467,0.00178758279564438
"_0.050",1.10125263042869,0.0442623732890828,0.395194904047992,0.00108580297363372
"_0.025",1.25152846857475,0.0254292894138124,0.386220427672349,0.000602431853325327
"_0.010",1.38410749879537,0.011496240052439,0.376286879722331,0.000258974279289965
"_0.005",1.44183320807276,0.00598932486975672,0.366063683547696,0.000133718964689282
"_0.003",1.47566513987774,0.00324113043931961,0.357990272780465,0.0000671982823102985
"_0.001",1.50481365116469,0.00133508848715838,0.344727301181564,0.0000277947462749435
"_1.000",0.795495983586802,0.118798686551744,0.441991937928347,0.00276885678167971
"_0.500",0.797274839855583,0.107254909100422,0.441579579077044,0.00249325285187277
"_0.250",0.826858676792494,0.105687444226662,0.427492158234741,0.00230893884752729
"_0.100",0.984121529054618,0.0797513123113103,0.397926570000524,0.00153649814045875
"_0.050",1.15738691391936,0.0504185437125298,0.390060450846205,0.000938313849989464
"_0.025",1.32248660362785,0.0287115024250004,0.384541043732941,0.000523540820106597
"_0.010",1.47584645430661,0.0123655716593043,0.380474489395563,0.000219987334549472
"_0.005",1.54012939517541,0.00634006046634426,0.37284904332356,0.000114125687918143
"_0.003",1.57344652896863,0.0034357488211101,0.366643194111446,0.0000573456808703495
"_0.001",1.6025603340124,0.00144966032010949,0.348022363906506,0.0000241130797882665
"_1.000",0.831003381178759,0.123376186723143,0.440939662772456,0.00217243364961188
"_0.500",0.831035911361957,0.120012837941625,0.440577478743823,0.00210958850638124
"_0.250",0.859065781672753,0.119047512706679,0.425668208957567,0.00196437530751606
"_0.100",1.02623265060317,0.0980996621081708,0.373748360637261,0.00130135484994798
"_0.050",1.21298140730736,0.0631882204149177,0.355384959737374,0.000784557438741565
"_0.025",1.38877633648233,0.0350938327308058,0.363553394660574,0.000436678082747408
"_0.010",1.55823742003564,0.0141156917140064,0.37676660517281,0.000185813634670383
"_0.005",1.62971367600139,0.00691511035075638,0.378348196197525,0.000094669754844279
"_0.003",1.66708063046139,0.00359809951772115,0.390737320233723,0.0000480651214300354
"_0.001",1.69518618968804,0.00139505056837052,0.364919557012037,0.0000189554624415669
"_1.000",0.842576204922135,0.124651213606919,0.44052120559239,0.0020154467847016
"_0.500",0.841691003865924,0.12379839864168,0.440333453665354,0.00199836681761917
"_0.250",0.863591995717321,0.123798622603331,0.428443106080101,0.00186819813098389
"_0.100",1.03527991476561,0.123797834329495,0.328942059824364,0.0012531867488592
"_0.050",1.22699236246401,0.123797359715339,0.219806943587125,0.000767644650415626
"_0.025",1.40364148499886,0.123797413272919,0.134519849226622,0.000415071585465164
"_0.010",1.55038579465426,0.123797787592974,0.0660950619050071,0.000171536856626287
"_0.005",1.60944383854303,0.123799661130016,0.0296403164530272,0.000096366049891651
"_0.003",1.6480293450229,0.123803562183607,0.0158348141336527,0.0000519784465566436
"_0.001",1.6628850766485,0.123827084184388,0.00747407764814884,0.000022898231571291
"_1.000",0.84619470082486,0.12491883771986,0.440654347308144,0.00197662212816131
"_0.500",0.845858762308697,0.124723689866417,0.440351506484959,0.00197148467404605
"_0.250",0.857143757724602,0.12472339818198,0.432144040993743,0.0018716320657722
"_0.100",0.969231277788778,0.124723108137188,0.366518684632436,0.00130755265238818
"_0.050",1.13704404591816,0.124722771668981,0.278342641609889,0.000859576624018256
"_0.025",1.30515076613846,0.124722604271024,0.16802890120613,0.000447493549827696
"_0.010",1.50722349437849,0.124722885772502,0.0760643531640079,0.00018891558305615
"_0.005",1.59412480990536,0.124723496310851,0.0380070366408341,0.0000959620724691912
"_0.003",1.6404727321659,0.124725354917275,0.0279675285685166,0.000038635709385946
"_0.001",1.67251446881607,0.124731040671416,0.0124667513351168,0.0000175162043045804
"_1.000",0.363366006726394,0.0171365816978763,0.913781246501511,0.0160130421796047
"_0.500",0.627895656784736,0.00611198516963373,0.896539548022599,0.00559371756521698
"_0.250",0.659665778409539,0.00598332665598948,0.878575239696681,0.00526394539474915
"_0.100",0.715345100791192,0.00460487210569952,0.807418366268625,0.00360843121693174
"_0.050",0.752333246740501,0.00300524500214101,0.77632847872636,0.00222631889138495
"_0.025",0.782370710864111,0.00171021766326074,0.762182293739694,0.00125803853495538
"_0.010",0.811102500643604,0.000754443691061856,0.75793991416309,0.000537798337782251
"_0.005",0.824522304216135,0.000386195414387335,0.772658988482724,0.000270001995474266
"_0.003",0.828253548209949,0.000203551705932018,0.809931506849315,0.000139072287693252
"_0.001",0.823834428829297,0.0000916779917672461,0.835016835016835,0.0000590613006623145
"_1.000",0.412984773748339,0.0244328315813264,0.779390698118613,0.0154125285092475
"_0.500",0.634599091701253,0.00898660699764721,0.774369218115179,0.00554508323046016
"_0.250",0.650691086423422,0.008808224185049,0.767691713238274,0.00522319018791014
"_0.100",0.695575238541469,0.0067558021725896,0.69256828933313,0.00359354681841206
"_0.050",0.739877117217474,0.00445004638823911,0.640004707714314,0.0022137662631182
"_0.025",0.78258172267831,0.00257285810458534,0.606413106367429,0.00122125785637314
"_0.010",0.823416266115787,0.00110209232921079,0.582879880288396,0.000529742209555192
"_0.005",0.839540575228638,0.000579514082744267,0.577857609405617,0.000277045213284863
"_0.003",0.845237870299744,0.000290046930631858,0.58746503941012,0.000136167255705704
"_0.001",0.843136073365252,0.000133622355000254,0.611802140584322,0.0000579786806223407
"_1.000",0.31314349466825,0.0397005927722773,0.719098269566598,0.0130083170892494
"_0.500",0.507664297451194,0.0162511927413858,0.714334694255311,0.00527322688859059
"_0.250",0.529392433390151,0.0159403551512873,0.697996422642869,0.0049616902619354
"_0.100",0.615075676788281,0.0124170984674259,0.648701127429248,0.00339507576127963
"_0.050",0.701085249102917,0.00825149890047694,0.615054426752002,0.00210546776406308
"_0.025",0.775150014300385,0.00479692051955484,0.59740939132485,0.00116375609471473
"_0.010",0.837980570612546,0.00207550766290191,0.592006365113759,0.000506630299790831
"_0.005",0.861875889118794,0.00107518958777091,0.596823561420215,0.000254863102621501
"_0.003",0.872828704982823,0.00053578989026184,0.607236325569223,0.0001310252293791
"_0.001",0.874789416147986,0.000235079224276305,0.612278669534999,0.0000560654973895711
"_1.000",0.484061003343292,0.072143973648235,0.537395010728831,0.00885492893922819
"_0.500",0.582813050896072,0.0377713375255866,0.536949511698068,0.00462403113604493
"_0.250",0.603441435763064,0.0370886361189167,0.526233098858515,0.00434259641980926
"_0.100",0.704422503115506,0.0286612142867595,0.489672381833544,0.0029830968109648
"_0.050",0.811656451338386,0.0190566410989047,0.466880548170372,0.00186268738367495
"_0.025",0.90661899784293,0.0112753337091596,0.448951393500568,0.00104310309725736
"_0.010",0.988137846774709,0.00503543659817954,0.438252097626276,0.000445826278744665
"_0.005",1.02136425473912,0.00262888127982021,0.431150472621988,0.000233982676127544
"_0.003",1.04041385030549,0.00129843814475508,0.438538646656434,0.000115995651109096
"_0.001",1.05578981434134,0.000549997565354923,0.461988028467738,0.0000474765005145192
"_1.000",0.682589150327873,0.103912968057448,0.456355537942238,0.00472310239768988
"_0.500",0.703504729535159,0.0761104551371448,0.462909806303392,0.00345023633735312
"_0.250",0.72433535307063,0.0749910367438999,0.45203609803976,0.00324865384711802
"_0.100",0.851410665427954,0.0573518940524139,0.424928086748878,0.00222730416236326
"_0.050",0.994532864536142,0.0377899340458689,0.410157597989267,0.00138099298911435
"_0.025",1.13218774568081,0.0218787620019853,0.397964383170369,0.000773843814736272
"_0.010",1.25115690257765,0.0100514843036781,0.385702423934672,0.000331575480223074
"_0.005",1.30486582065927,0.0052529729086898,0.37509657448711,0.000170533499701988
"_0.003",1.33601581359668,0.00270341706663916,0.372204820110473,0.0000855189551847893
"_0.001",1.36500154424951,0.00108175755436416,0.370242549739044,0.0000362978364213188
"_1.000",0.747632643034841,0.113288951625868,0.449788757500392,0.00349329413772119
"_0.500",0.755112193241151,0.0941595990673844,0.449432289541443,0.00289941191588904
"_0.250",0.781185109811705,0.0928920691401408,0.438257458128643,0.00273007933685686
"_0.100",0.920525408494412,0.070955558452278,0.413037477481285,0.00187642548642768
"_0.050",1.08109159094432,0.0460575570313436,0.400202247299796,0.00115875288707987
"_0.025",1.23532872879126,0.0265945977179109,0.392529097512526,0.000647938134373199
"_0.010",1.37434047474668,0.0120330206470005,0.381759008392739,0.000278280156836368
"_0.005",1.43675866497185,0.00629429480500977,0.374529531667996,0.000145335016509853
"_0.003",1.47254325093454,0.0033735654408962,0.369135935653662,0.0000719319355317437
"_0.001",1.50383612230082,0.00136492390900992,0.360931304220529,0.0000297921535972105
"_1.000",0.791775006741681,0.118799905095427,0.442057563475651,0.00277009799699182
"_0.500",0.794099250303743,0.107257402935504,0.439612354064451,0.00249794151416016
"_0.250",0.818494248861701,0.106095230804358,0.430485331327965,0.00235230090372667
"_0.100",0.965147284563609,0.0821461009903947,0.402572909438607,0.0016131616760722
"_0.050",1.13703896996996,0.0526528250904552,0.395469048810786,0.000998982905615432
"_0.025",1.30509338456655,0.0300951623423347,0.389536291925493,0.000562070919042295
"_0.010",1.46576708541189,0.0130266560570121,0.386900200078252,0.000237394928531434
"_0.005",1.53423736237819,0.00668483801181208,0.378940708031986,0.000123280056177082
"_0.003",1.57035785316712,0.00359006187519977,0.373837760815879,0.000062345129407879
"_0.001",1.60121149885453,0.00151791718193648,0.358918388037004,0.0000257393124065726
"_1.000",0.831161534241346,0.123384940581045,0.440992945948055,0.00217376606152361
"_0.500",0.830843313246584,0.120021257101093,0.44085845069746,0.00211188792960102
"_0.250",0.852609625341925,0.119344766978635,0.426610307438145,0.00199690781553534
"_0.100",1.00723189823593,0.100602637833768,0.378593136403077,0.00136802990742198
"_0.050",1.19205482365837,0.0663841138190296,0.361887782215898,0.000837906313387987
"_0.025",1.36991234437226,0.0371800296166542,0.3683036698308,0.000470793988028609
"_0.010",1.54736445494266,0.0148773032318715,0.380878251481267,0.000202711042014967
"_0.005",1.62378829699127,0.00737759046733993,0.386566113508897,0.000102275666376162
"_0.003",1.66437963077626,0.00380734638772982,0.393031642389405,0.0000524575659646211
"_0.001",1.69414007164213,0.00146475652532162,0.366967947885154,0.0000208419911806798
"_1.000",0.842726312058589,0.124651165144341,0.440581505659024,0.00201568793141932
"_0.500",0.84206884915243,0.123798368837984,0.440515759708674,0.0020003642669332
"_0.250",0.856440727669184,0.123798714549801,0.431836422029373,0.00190858315813301
"_0.100",1.01672068036677,0.123797765086348,0.339582291201038,0.00131096816296976
"_0.050",1.20657393799182,0.123797498294859,0.22767390030468,0.000816209024826609
"_0.025",1.38508308687452,0.123797395227901,0.142227721437137,0.000455104761552646
"_0.010",1.54041133938814,0.123797726923949,0.0703544085762132,0.000191806364778253
"_0.005",1.60453175305697,0.123799753076848,0.0326954829290288,0.000104228661220145
"_0.003",1.64638162157749,0.123803475787724,0.0171559886018936,0.0000586407903382614
"_0.001",1.66196900172391,0.12382712478012,0.0078840439830609,0.0000235071386789196
"_1.000",0.846684976803211,0.124918812847889,0.440671785559501,0.00197559084249283
"_0.500",0.845862302205032,0.124723606878644,0.440607744257905,0.00197077418361033
"_0.250",0.853824395823888,0.124723329001314,0.434603288776724,0.00190156184989507
"_0.100",0.950167972697223,0.124723125351001,0.377426103296764,0.00136167201143636
"_0.050",1.11073430472503,0.124722776077869,0.293638480464944,0.000912130613555865
"_0.025",1.27693479537854,0.12472267144885,0.188394779163376,0.00049420332310562
"_0.010",1.48606695997657,0.124722702027786,0.0850112024849148,0.000203673016652843
"_0.005",1.58258364279208,0.124723516950838,0.0530955376169944,0.0000824927693038786
"_0.003",1.63831690946372,0.124725747018554,0.031536327468611,0.0000620471394172249
"_0.001",1.66932509351712,0.124730150578262,0.0120705320401487,0.0000192279479191318
